,type,id,group_id,name,state,lat,lon,altitude,valid_from,valid_to,has_sunshine,has_global_radiation,is_active
0,COMBINED,1,,Aflenz,Steiermark,47.54594,15.24069,783.2,1983-05-01T00:00:00+00:00,2100-12-31T00:00:00+00:00,True,True,True
1,COMBINED,2,,Aigen im Ennstal,Steiermark,47.53278,14.13826,641.0,1993-02-01T00:00:00+00:00,2100-12-31T00:00:00+00:00,True,True,True
2,COMBINED,3,,Allentsteig,Niederösterreich,48.69083,15.36694,598.8,1992-10-01T00:00:00+00:00,2100-12-31T00:00:00+00:00,True,True,True
3,COMBINED,4,,Amstetten,Niederösterreich,48.10889,14.895,266.0,1993-02-01T00:00:00+00:00,2100-12-31T00:00:00+00:00,True,True,True
4,COMBINED,5,,Bad Aussee,Steiermark,47.6105,13.75844,743.1,1983-09-01T00:00:00+00:00,2100-12-31T00:00:00+00:00,True,False,True
5,COMBINED,6,,Bad Bleiberg,Kärnten,46.62528,13.68444,908.7,2007-10-01T00:00:00+00:00,2100-12-31T00:00:00+00:00,True,True,True
6,COMBINED,7,,Bad Gastein,Salzburg,47.11056,13.13336,1092.0,2010-01-01T00:00:00+00:00,2100-12-31T00:00:00+00:00,True,True,True
7,COMBINED,8,,Bad Gleichenberg,Steiermark,46.87222,15.90361,269.0,2003-04-17T00:00:00+00:00,2100-12-31T00:00:00+00:00,True,True,True
8,COMBINED,9,,Bad Goisern,Oberösterreich,47.62194,13.64472,538.0,1995-01-01T00:00:00+00:00,2100-12-31T00:00:00+00:00,True,True,True
9,COMBINED,10,,Bad Mitterndorf,Steiermark,47.55333,13.93472,814.0,1983-11-01T00:00:00+00:00,2100-12-31T00:00:00+00:00,True,True,True
10,COMBINED,11,,Bad Radkersburg,Steiermark,46.69222,15.99333,207.0,1992-08-01T00:00:00+00:00,2100-12-31T00:00:00+00:00,True,True,True
11,COMBINED,12,,Baden,Niederösterreich,48.011391,16.235556,244.8,1982-12-01T00:00:00+00:00,2012-05-31T23:59:59+00:00,True,False,False
12,COMBINED,13,,Bernstein,Burgenland,47.40833,16.26139,630.8,2008-01-01T00:00:00+00:00,2100-12-31T00:00:00+00:00,True,True,True
13,COMBINED,14,,Bischofshofen,Salzburg,47.40667,13.22111,549.9,1996-09-01T00:00:00+00:00,2100-12-31T00:00:00+00:00,True,True,True
14,COMBINED,15,,Bregenz,Vorarlberg,47.49917,9.74611,424.0,2008-01-01T00:00:00+00:00,2100-12-31T00:00:00+00:00,True,True,True
15,COMBINED,16,,Brenner,Tirol,47.00722,11.51083,1412.0,1993-01-01T00:00:00+00:00,2100-12-31T00:00:00+00:00,True,True,True
16,COMBINED,17,,Bruck an der Mur,Steiermark,47.40556,15.24972,482.0,2005-01-01T00:00:00+00:00,2100-12-31T00:00:00+00:00,True,True,True
17,COMBINED,18,,Bruckneudorf,Burgenland,48.01278,16.845,165.6,2008-01-01T00:00:00+00:00,2100-12-31T00:00:00+00:00,True,True,True
18,COMBINED,19,,Dellach,Kärnten,46.74189,13.08286,628.2,1983-05-05T00:00:00+00:00,2100-12-31T00:00:00+00:00,True,False,True
19,COMBINED,20,,Ehrwald,Tirol,47.40417,10.92,982.0,2008-01-01T00:00:00+00:00,2100-12-31T00:00:00+00:00,True,True,True
20,COMBINED,21,,Bad Eisenkappel,Kärnten,46.49056,14.59333,623.0,1983-01-01T00:00:00+00:00,2100-12-31T00:00:00+00:00,True,True,True
21,COMBINED,22,,Eisenstadt Nordost,Burgenland,47.85417,16.53833,184.0,1989-01-01T00:00:00+00:00,2100-12-31T00:00:00+00:00,True,True,True
22,COMBINED,23,,Enns,Oberösterreich,48.19583,14.45028,317.0,2008-07-01T00:00:00+00:00,2100-12-31T00:00:00+00:00,True,True,True
23,COMBINED,24,,Feldkirch,Vorarlberg,47.27111,9.60972,438.4,1995-01-01T00:00:00+00:00,2100-12-31T00:00:00+00:00,True,True,True
24,COMBINED,25,,Fischbach,Steiermark,47.44417,15.64389,1034.4,1996-01-01T00:00:00+00:00,2100-12-31T00:00:00+00:00,True,True,True
25,COMBINED,26,,Freistadt,Oberösterreich,48.49472,14.50639,539.0,1992-01-01T00:00:00+00:00,2100-12-31T00:00:00+00:00,True,True,True
26,COMBINED,27,,Gallspach,Oberösterreich,48.20422,13.825,425.9,2012-04-16T00:00:00+00:00,2100-12-31T00:00:00+00:00,True,False,True
27,COMBINED,28,,Galtür,Tirol,46.96806,10.18556,1587.0,1996-12-01T00:00:00+00:00,2100-12-31T00:00:00+00:00,True,True,True
28,COMBINED,29,,Gmunden,Oberösterreich,47.91472,13.8075,424.4,1982-08-13T00:00:00+00:00,2016-04-26T23:59:59+00:00,True,True,False
29,COMBINED,30,,Graz Universität/Heinrichstraße,Steiermark,47.08,15.448056,366.0,1988-06-01T00:00:00+00:00,2100-12-31T00:00:00+00:00,False,False,True
30,COMBINED,31,,Groß-Enzersdorf,Niederösterreich,48.19975,16.55917,154.3,1991-01-01T00:00:00+00:00,2100-12-31T00:00:00+00:00,True,True,True
31,COMBINED,32,,Gumpoldskirchen,Niederösterreich,48.03583,16.28083,212.0,1990-11-01T00:00:00+00:00,2100-12-31T00:00:00+00:00,True,True,True
32,COMBINED,36,,Hohe Wand/Hochkogelhaus,Niederösterreich,47.82222,16.035,936.9,1993-08-01T00:00:00+00:00,2100-12-31T00:00:00+00:00,True,True,True
33,COMBINED,37,,Schöngrabern,Niederösterreich,48.60333,16.06167,253.0,2008-01-01T00:00:00+00:00,2100-12-31T00:00:00+00:00,True,True,True
34,COMBINED,38,,Imst,Tirol,47.23694,10.74222,773.0,2008-01-01T00:00:00+00:00,2100-12-31T00:00:00+00:00,True,True,True
35,COMBINED,39,,Innsbruck Universität,Tirol,47.25986,11.38425,578.0,1987-01-01T00:00:00+00:00,2100-12-31T00:00:00+00:00,True,True,True
36,COMBINED,40,,Irdning-Gumpenstein,Steiermark,47.495,14.09967,697.1,1993-02-01T00:00:00+00:00,2100-12-31T00:00:00+00:00,True,True,True
37,COMBINED,42,,Jenbach,Tirol,47.38878,11.75814,530.0,1994-07-01T00:00:00+00:00,2100-12-31T00:00:00+00:00,True,True,True
38,COMBINED,43,,Kals,Tirol,47.00478,12.6465,1352.4,2007-08-01T00:00:00+00:00,2100-12-31T00:00:00+00:00,True,True,True
39,COMBINED,44,,Kalwang,Steiermark,47.42126,14.75961,743.6,1994-04-01T00:00:00+00:00,2100-12-31T00:00:00+00:00,True,True,True
40,COMBINED,46,,Krems,Niederösterreich,48.41861,15.62222,202.0,1996-04-01T00:00:00+00:00,2100-12-31T00:00:00+00:00,True,True,True
41,COMBINED,47,,Krimml,Salzburg,47.22911,12.18197,1008.8,1997-09-01T00:00:00+00:00,2100-12-31T00:00:00+00:00,True,True,True
42,COMBINED,48,,Klagenfurt Flughafen,Kärnten,46.64833,14.31833,450.0,1991-04-01T00:00:00+00:00,2100-12-31T00:00:00+00:00,True,True,True
43,COMBINED,49,,Kleinzicken,Burgenland,47.2075,16.326667,263.0,1993-05-01T00:00:00+00:00,2100-12-31T00:00:00+00:00,True,True,True
44,COMBINED,50,,Landeck,Tirol,47.14025,10.56364,795.6,1993-07-01T00:00:00+00:00,2100-12-31T00:00:00+00:00,True,True,True
45,COMBINED,51,,Langenlebarn,Niederösterreich,48.32389,16.11806,175.3,1992-10-01T00:00:00+00:00,2100-12-31T00:00:00+00:00,True,True,True
46,COMBINED,52,,Langenlois,Niederösterreich,48.4725,15.69722,207.0,1989-11-01T00:00:00+00:00,2100-12-31T00:00:00+00:00,True,True,True
47,COMBINED,53,,Laßnitzhöhe,Steiermark,47.07361,15.59222,530.0,1990-02-01T00:00:00+00:00,2100-12-31T00:00:00+00:00,True,True,True
48,COMBINED,54,,Leibnitz-Wagna,Steiermark,46.76739,15.55289,267.9,2003-11-01T00:00:00+00:00,2100-12-31T00:00:00+00:00,True,True,True
49,COMBINED,55,,Lienz,Tirol,46.82555,12.80639,661.0,1985-12-01T00:00:00+00:00,2100-12-31T00:00:00+00:00,True,True,True
50,COMBINED,56,,Linz Stadt,Oberösterreich,48.29639,14.28528,262.0,1992-07-01T00:00:00+00:00,2100-12-31T00:00:00+00:00,True,True,True
51,COMBINED,57,,Litschau,Niederösterreich,48.95464,15.03831,557.6,1983-11-01T00:00:00+00:00,2100-12-31T00:00:00+00:00,True,True,True
52,COMBINED,58,,Lutzmannsburg,Burgenland,47.46528,16.64556,200.8,1995-11-01T00:00:00+00:00,2100-12-31T00:00:00+00:00,True,True,True
53,COMBINED,59,,Mariazell/St.Sebastian Flugfeld,Steiermark,47.78917,15.30222,864.0,2001-01-01T00:00:00+00:00,2100-12-31T00:00:00+00:00,True,True,True
54,COMBINED,60,,Mattsee,Salzburg,47.97722,13.10556,502.0,1985-12-01T00:00:00+00:00,2100-12-31T00:00:00+00:00,True,True,True
55,COMBINED,61,,Mayrhofen,Tirol,47.1625,11.85139,640.0,1992-09-01T00:00:00+00:00,2100-12-31T00:00:00+00:00,True,True,True
56,COMBINED,62,,Millstatt,Kärnten,46.80806,13.57278,721.0,1982-06-24T00:00:00+00:00,2100-12-31T00:00:00+00:00,True,True,True
57,COMBINED,63,,Mönichkirchen,Niederösterreich,47.51111,16.03333,991.0,1983-07-01T00:00:00+00:00,2100-12-31T00:00:00+00:00,True,True,True
58,COMBINED,64,,Neumarkt,Steiermark,47.06972,14.42472,869.0,1993-08-01T00:00:00+00:00,2100-12-31T00:00:00+00:00,True,True,True
59,COMBINED,65,,Neusiedl am See,Burgenland,47.94917,16.82889,117.0,1984-08-01T00:00:00+00:00,2100-12-31T00:00:00+00:00,True,True,True
60,COMBINED,66,,Obergurgl,Tirol,46.86694,11.02444,1941.0,1999-01-01T00:00:00+00:00,2100-12-31T00:00:00+00:00,True,True,True
61,COMBINED,67,,Leiser Berge,Niederösterreich,48.55889,16.37167,456.5,1998-04-01T00:00:00+00:00,2100-12-31T00:00:00+00:00,True,True,True
62,COMBINED,68,,Obertauern,Salzburg,47.24889,13.55972,1772.0,1984-09-01T00:00:00+00:00,2100-12-31T00:00:00+00:00,True,True,True
63,COMBINED,69,,Obervellach,Kärnten,46.93528,13.19444,688.0,1986-12-01T00:00:00+00:00,2100-12-31T00:00:00+00:00,True,True,True
64,COMBINED,70,,Poysdorf-Ost,Niederösterreich,48.66917,16.6375,198.0,1992-01-01T00:00:00+00:00,2100-12-31T00:00:00+00:00,True,True,True
65,COMBINED,71,,Preitenegg,Kärnten,46.938333,14.920278,1059.0,1994-01-01T00:00:00+00:00,2100-12-31T00:00:00+00:00,True,True,True
66,COMBINED,72,,Puchberg am Schneeberg,Niederösterreich,47.79028,15.90694,582.8,1983-01-01T00:00:00+00:00,2100-12-31T00:00:00+00:00,True,True,True
67,COMBINED,73,,Radstadt-Tandalier,Salzburg,47.38,13.44083,835.0,1995-01-01T00:00:00+00:00,2100-12-31T00:00:00+00:00,True,True,True
68,COMBINED,75,,Ranshofen Braunau,Oberösterreich,48.22417,13.02833,382.0,1994-07-01T00:00:00+00:00,2100-12-31T00:00:00+00:00,True,True,True
69,COMBINED,76,,Reutte,Tirol,47.49444,10.71528,841.8,1994-08-01T00:00:00+00:00,2100-12-31T00:00:00+00:00,True,True,True
70,COMBINED,77,,Rohrbach,Oberösterreich,48.56722,14.00444,613.0,1994-08-01T00:00:00+00:00,2100-12-31T00:00:00+00:00,True,True,True
71,COMBINED,78,,Rauris,Salzburg,47.22353,12.99262,933.8,1993-06-01T00:00:00+00:00,2100-12-31T00:00:00+00:00,True,True,True
72,COMBINED,80,,Reichenau an der Rax,Niederösterreich,47.69972,15.83694,488.0,1983-01-01T00:00:00+00:00,2100-12-31T00:00:00+00:00,True,True,True
73,COMBINED,81,,Retz Windmühle,Niederösterreich,48.76111,15.94167,320.0,1994-01-01T00:00:00+00:00,2100-12-31T00:00:00+00:00,True,True,True
74,COMBINED,82,,Rudolfshütte,Salzburg,47.13492,12.62594,2317.0,1992-12-01T00:00:00+00:00,2100-12-31T00:00:00+00:00,True,True,True
75,COMBINED,83,,Saalbach,Salzburg,47.38789,12.64844,974.6,2009-01-01T00:00:00+00:00,2100-12-31T00:00:00+00:00,True,True,True
76,COMBINED,85,,Schmittenhöhe,Salzburg,47.32872,12.73794,1955.6,1983-10-01T00:00:00+00:00,2100-12-31T00:00:00+00:00,True,True,True
77,COMBINED,86,,Schöckl,Steiermark,47.19861,15.46639,1443.0,1993-01-01T00:00:00+00:00,2100-12-31T00:00:00+00:00,True,True,True
78,COMBINED,87,,Seefeld,Tirol,47.32478,11.17542,1181.9,1997-06-01T00:00:00+00:00,2100-12-31T00:00:00+00:00,True,True,True
79,COMBINED,88,,Semmering,Niederösterreich,47.63325,15.82839,987.6,1998-11-01T00:00:00+00:00,2100-12-31T00:00:00+00:00,True,True,True
80,COMBINED,89,,Stift Zwettl,Niederösterreich,48.61778,15.20361,502.4,1994-08-01T00:00:00+00:00,2100-12-31T00:00:00+00:00,True,True,True
81,COMBINED,90,,St.Andrä im Lavanttal,Kärnten,46.76417,14.82806,403.0,1993-03-11T00:00:00+00:00,2100-12-31T00:00:00+00:00,True,True,True
82,COMBINED,91,,Feistritz ob Bleiburg,Kärnten,46.561389,14.765,523.0,2007-09-01T00:00:00+00:00,2100-12-31T00:00:00+00:00,True,True,True
83,COMBINED,92,,St.Michael im Lungau,Salzburg,47.09447,13.62269,1051.9,2008-11-01T00:00:00+00:00,2100-12-31T00:00:00+00:00,True,True,True
84,COMBINED,93,,St.Pölten Landhaus,Niederösterreich,48.19972,15.63111,273.6,1994-01-01T00:00:00+00:00,2100-12-31T00:00:00+00:00,True,True,True
85,COMBINED,94,,St.Radegund,Steiermark,47.18211,15.48978,726.3,1986-04-01T00:00:00+00:00,2100-12-31T00:00:00+00:00,True,True,True
86,COMBINED,95,,St.Veit an der Glan,Kärnten,46.73917,14.38556,462.6,2008-01-01T00:00:00+00:00,2100-12-31T00:00:00+00:00,True,True,True
87,COMBINED,97,,Stolzalpe,Steiermark,47.12303,14.18822,1291.0,2007-07-24T00:00:00+00:00,2100-12-31T00:00:00+00:00,True,True,True
88,COMBINED,98,,Tamsweg,Salzburg,47.13306,13.80833,1025.0,2008-10-01T00:00:00+00:00,2100-12-31T00:00:00+00:00,True,True,True
89,COMBINED,100,,Villach Stadt,Kärnten,46.61806,13.87389,493.0,1993-12-01T00:00:00+00:00,2100-12-31T00:00:00+00:00,True,True,True
90,COMBINED,101,,Waidhofen an der Ybbs,Niederösterreich,47.94556,14.80972,384.0,2004-12-01T00:00:00+00:00,2100-12-31T00:00:00+00:00,True,True,True
91,COMBINED,102,,Weißensee-Gatschach,Kärnten,46.71861,13.28583,949.0,1982-11-01T00:00:00+00:00,2100-12-31T00:00:00+00:00,True,True,True
92,COMBINED,103,,Weitensfeld,Kärnten,46.84917,14.19083,704.0,2008-01-01T00:00:00+00:00,2100-12-31T00:00:00+00:00,True,True,True
93,COMBINED,104,,Weyer,Oberösterreich,47.85719,14.66572,426.1,2007-09-01T00:00:00+00:00,2100-12-31T00:00:00+00:00,True,True,True
94,COMBINED,105,,Wien Hohe Warte,Wien,48.24861,16.35639,198.0,1993-01-01T00:00:00+00:00,2100-12-31T00:00:00+00:00,True,True,True
95,COMBINED,106,,Wien Mariabrunn,Wien,48.20694,16.22944,225.0,1997-01-16T00:00:00+00:00,2100-12-31T00:00:00+00:00,True,True,True
96,COMBINED,107,,Wien Unterlaa,Wien,48.125,16.41944,200.0,1996-01-01T00:00:00+00:00,2100-12-31T00:00:00+00:00,True,True,True
97,COMBINED,108,,Windischgarsten,Oberösterreich,47.72028,14.32611,599.9,1983-10-07T00:00:00+00:00,2100-12-31T00:00:00+00:00,True,False,True
98,COMBINED,109,,St.Wolfgang,Oberösterreich,47.74028,13.44194,544.0,1990-02-01T00:00:00+00:00,2100-12-31T00:00:00+00:00,True,False,True
99,COMBINED,111,,Wolfsegg,Oberösterreich,48.10542,13.67092,635.1,1995-06-01T00:00:00+00:00,2100-12-31T00:00:00+00:00,True,True,True
100,COMBINED,112,,Wiener Neustadt Flugplatz,Niederösterreich,47.83233,16.23147,275.0,1993-02-01T00:00:00+00:00,2100-12-31T00:00:00+00:00,True,True,True
101,COMBINED,113,,Zell am See,Salzburg,47.29,12.78639,754.0,1984-07-12T00:00:00+00:00,2100-12-31T00:00:00+00:00,True,False,True
102,COMBINED,115,,Zeltweg,Steiermark,47.19983,14.74689,677.6,1992-06-01T00:00:00+00:00,2100-12-31T00:00:00+00:00,True,True,True
103,COMBINED,116,,Deutschlandsberg,Steiermark,46.82167,15.22694,354.0,1995-08-01T00:00:00+00:00,2100-12-31T00:00:00+00:00,True,True,True
104,COMBINED,118,,Kitzbühel,Tirol,47.44389,12.38917,772.0,2007-02-01T00:00:00+00:00,2100-12-31T00:00:00+00:00,True,True,True
105,COMBINED,119,,St.Anton am Arlberg,Tirol,47.13139,10.26667,1304.1,2008-01-01T00:00:00+00:00,2100-12-31T00:00:00+00:00,True,True,True
106,COMBINED,120,,Ferlach,Kärnten,46.53111,14.31417,459.1,2008-01-01T00:00:00+00:00,2100-12-31T00:00:00+00:00,True,True,True
107,COMBINED,121,,Nauders,Tirol,46.89111,10.49694,1330.2,2004-08-01T00:00:00+00:00,2100-12-31T00:00:00+00:00,True,True,True
108,COMBINED,122,,Kanzelhöhe,Kärnten,46.67722,13.90194,1520.0,2002-01-01T00:00:00+00:00,2100-12-31T00:00:00+00:00,True,True,True
109,COMBINED,124,,Seckau,Steiermark,47.27083,14.77861,872.0,2002-02-01T00:00:00+00:00,2100-12-31T00:00:00+00:00,True,True,True
110,COMBINED,125,,Kohlreithberg,Niederösterreich,48.175835,15.935278,490.0,2001-07-01T00:00:00+00:00,2010-06-17T23:59:59+00:00,True,True,False
111,COMBINED,126,,Haiming,Tirol,47.25972,10.88944,659.0,2007-08-20T00:00:00+00:00,2100-12-31T00:00:00+00:00,True,True,True
112,COMBINED,127,,Rinn,Tirol,47.24917,11.50389,924.1,2008-01-01T00:00:00+00:00,2100-12-31T00:00:00+00:00,True,True,True
113,COMBINED,129,,Lofer Ort,Salzburg,47.58444,12.69528,622.0,2000-11-01T00:00:00+00:00,2100-12-31T00:00:00+00:00,True,True,True
114,COMBINED,130,,Sillian,Tirol,46.74644,12.42358,1081.4,1999-10-01T00:00:00+00:00,2100-12-31T00:00:00+00:00,True,True,True
115,COMBINED,131,,Salzburg Flughafen,Salzburg,47.78944,13.00861,430.0,1939-03-01T00:00:00+00:00,2100-12-31T00:00:00+00:00,True,True,True
116,COMBINED,132,,Bad Ischl,Oberösterreich,47.70619,13.64714,506.7,2007-07-01T00:00:00+00:00,2100-12-31T00:00:00+00:00,True,True,True
117,COMBINED,133,,Fraxern,Vorarlberg,47.31417,9.67444,807.0,2004-01-01T00:00:00+00:00,2100-12-31T00:00:00+00:00,True,True,True
118,COMBINED,134,,Gänserndorf Stadt,Niederösterreich,48.33778,16.71361,163.0,2004-01-01T00:00:00+00:00,2100-12-31T00:00:00+00:00,True,True,True
119,COMBINED,136,,Umhausen,Tirol,47.13917,10.92889,1035.0,2003-10-01T00:00:00+00:00,2100-12-31T00:00:00+00:00,True,True,True
120,COMBINED,137,,Döllach,Kärnten,46.95806,12.9025,1071.0,2004-06-01T00:00:00+00:00,2100-12-31T00:00:00+00:00,True,True,True
121,COMBINED,138,,Prutz,Tirol,47.06861,10.66472,871.0,2004-12-01T00:00:00+00:00,2100-12-31T00:00:00+00:00,True,True,True
122,COMBINED,139,,Steinach am Brenner,Tirol,47.09833,11.46611,1036.0,2008-01-01T00:00:00+00:00,2100-12-31T00:00:00+00:00,True,True,True
123,COMBINED,140,,Bad Tatzmannsdorf,Burgenland,47.328056,16.228056,332.0,2004-09-17T00:00:00+00:00,2100-12-31T00:00:00+00:00,True,False,True
124,COMBINED,141,,Ried im Innkreis,Oberösterreich,48.21722,13.475,427.0,1998-01-01T00:00:00+00:00,2100-12-31T00:00:00+00:00,True,True,True
125,COMBINED,142,,Kufstein,Tirol,47.57528,12.16278,490.0,2003-01-01T00:00:00+00:00,2100-12-31T00:00:00+00:00,True,True,True
126,COMBINED,144,,Micheldorf,Oberösterreich,47.88388,14.117222,443.0,2008-08-01T00:00:00+00:00,2100-12-31T00:00:00+00:00,True,True,True
127,COMBINED,145,,Salzburg Freisaal,Salzburg,47.79111,13.05417,419.0,2006-01-01T00:00:00+00:00,2100-12-31T00:00:00+00:00,True,True,True
128,COMBINED,146,,Holzgau,Tirol,47.25758,10.33867,1092.0,2008-01-01T00:00:00+00:00,2100-12-31T00:00:00+00:00,True,True,True
129,COMBINED,147,,Gröbming,Steiermark,47.44678,13.90422,765.5,2001-10-01T00:00:00+00:00,2100-12-31T00:00:00+00:00,True,True,True
130,COMBINED,148,,Weitra,Niederösterreich,48.70222,14.89861,571.9,2005-01-01T00:00:00+00:00,2100-12-31T00:00:00+00:00,True,True,True
131,COMBINED,149,,Mallnitz,Kärnten,46.99194,13.16667,1197.0,2002-08-01T00:00:00+00:00,2100-12-31T00:00:00+00:00,True,True,True
132,COMBINED,150,,Spittal an der Drau,Kärnten,46.7905,13.48725,541.7,2004-11-01T00:00:00+00:00,2100-12-31T00:00:00+00:00,True,True,True
133,COMBINED,151,,Achenkirch,Tirol,47.49944,11.70667,931.0,1998-07-01T00:00:00+00:00,2100-12-31T00:00:00+00:00,True,True,True
134,COMBINED,152,,Laa an der Thaya Kläranlage,Niederösterreich,48.73139,16.38972,184.0,2008-01-01T00:00:00+00:00,2100-12-31T00:00:00+00:00,True,True,True
135,COMBINED,153,,Präbichl,Steiermark,47.52158,14.95416,1215.2,2000-09-13T00:00:00+00:00,2100-12-31T00:00:00+00:00,True,True,True
136,COMBINED,154,,Fürstenfeld,Steiermark,47.03083,16.08083,271.0,2007-07-01T00:00:00+00:00,2100-12-31T00:00:00+00:00,True,True,True
137,COMBINED,155,,Oberndorf an der Melk,Niederösterreich,48.06239,15.21381,295.1,2008-01-01T00:00:00+00:00,2100-12-31T00:00:00+00:00,True,True,True
138,COMBINED,156,,St.Johann im Pongau,Salzburg,47.31981,13.18672,634.2,2008-03-01T00:00:00+00:00,2100-12-31T00:00:00+00:00,False,False,True
139,COMBINED,157,,Kollerschlag,Oberösterreich,48.60278,13.83917,714.0,2008-06-17T00:00:00+00:00,2100-12-31T00:00:00+00:00,True,True,True
140,COMBINED,158,,Hohenau,Niederösterreich,48.605835,16.913055,150.0,2007-07-01T00:00:00+00:00,2100-12-31T00:00:00+00:00,True,True,True
141,COMBINED,159,,Reichersberg,Oberösterreich,48.33111,13.37611,351.0,2008-07-01T00:00:00+00:00,2100-12-31T00:00:00+00:00,True,True,True
142,COMBINED,160,,Waizenkirchen,Oberösterreich,48.32656,13.86458,400.2,2008-07-01T00:00:00+00:00,2100-12-31T00:00:00+00:00,True,True,True
143,COMBINED,161,,Reichenau am Mühlkreis,Oberösterreich,48.45917,14.34556,689.1,2008-08-01T00:00:00+00:00,2100-12-31T00:00:00+00:00,True,True,True
144,COMBINED,162,,Aspach,Oberösterreich,48.18306,13.3,427.0,2009-07-08T00:00:00+00:00,2100-12-31T00:00:00+00:00,True,True,True
145,COMBINED,163,,Mondsee,Oberösterreich,47.85083,13.34722,480.5,2009-01-01T00:00:00+00:00,2100-12-31T00:00:00+00:00,True,True,True
146,COMBINED,164,,Berndorf,Niederösterreich,47.93917,16.10111,337.0,2008-01-01T00:00:00+00:00,2100-12-31T00:00:00+00:00,True,True,True
147,COMBINED,165,,Abtenau,Salzburg,47.56667,13.34333,709.0,2008-06-25T00:00:00+00:00,2100-12-31T00:00:00+00:00,True,True,True
148,COMBINED,166,,Hall bei Admont,Steiermark,47.59444,14.49083,637.0,2008-01-01T00:00:00+00:00,2100-12-31T00:00:00+00:00,True,True,True
149,COMBINED,167,,Mürzzuschlag,Steiermark,47.60222,15.67278,705.2,2009-01-01T00:00:00+00:00,2100-12-31T00:00:00+00:00,True,True,True
150,COMBINED,169,,Pottschach,Niederösterreich,47.70083,16.00806,416.4,2008-01-01T00:00:00+00:00,2100-12-31T00:00:00+00:00,True,True,True
151,COMBINED,170,,Aspang,Niederösterreich,47.575,16.10139,454.0,2008-01-01T00:00:00+00:00,2100-12-31T00:00:00+00:00,True,True,True
152,COMBINED,171,,Dornbirn,Vorarlberg,47.4325,9.72556,407.3,1992-04-01T00:00:00+00:00,2100-12-31T00:00:00+00:00,True,True,True
153,COMBINED,172,,Schoppernau,Vorarlberg,47.31139,10.01778,839.0,2008-01-01T00:00:00+00:00,2100-12-31T00:00:00+00:00,True,True,True
154,COMBINED,173,,Schröcken,Vorarlberg,47.26167,10.08611,1244.0,2007-12-01T00:00:00+00:00,2100-12-31T00:00:00+00:00,True,True,True
155,COMBINED,174,,Mittelberg,Vorarlberg,47.32333,10.1525,1204.0,2009-06-01T00:00:00+00:00,2100-12-31T00:00:00+00:00,True,True,True
156,COMBINED,175,,Innsbruck Flughafen,Tirol,47.25999,11.35667,578.0,2008-01-01T00:00:00+00:00,2100-12-31T00:00:00+00:00,True,True,True
157,COMBINED,176,,Hahnenkamm-Ehrenbachhöhe,Tirol,47.41831,12.35928,1793.8,1992-11-13T00:00:00+00:00,2100-12-31T00:00:00+00:00,True,True,True
158,COMBINED,178,,Hochfilzen,Tirol,47.47028,12.62111,961.9,2007-11-27T00:00:00+00:00,2100-12-31T00:00:00+00:00,True,True,True
159,COMBINED,179,,Ramsau am Dachstein,Steiermark,47.42514,13.63428,1206.8,1991-01-01T00:00:00+00:00,2100-12-31T00:00:00+00:00,True,True,True
160,COMBINED,180,,Rechnitz,Burgenland,47.30139,16.45417,308.0,2006-12-01T00:00:00+00:00,2100-12-31T00:00:00+00:00,True,False,True
161,COMBINED,181,,Bludenz,Vorarlberg,47.14778,9.82944,571.0,2007-08-01T00:00:00+00:00,2100-12-31T00:00:00+00:00,True,True,True
162,COMBINED,182,,Oberwölz,Steiermark,47.20206,14.28669,842.1,2007-08-01T00:00:00+00:00,2100-12-31T00:00:00+00:00,True,True,True
163,COMBINED,183,,Güssing,Burgenland,47.0625,16.32186,215.3,2008-07-01T00:00:00+00:00,2100-12-31T00:00:00+00:00,True,True,True
164,COMBINED,184,,Pitztaler Gletscher,Tirol,46.92706,10.87914,2863.9,1994-01-01T00:00:00+00:00,2100-12-31T00:00:00+00:00,True,True,True
165,COMBINED,185,,St.Jakob im Defereggental,Tirol,46.91694,12.35389,1383.0,2007-09-01T00:00:00+00:00,2100-12-31T00:00:00+00:00,True,True,True
166,COMBINED,186,,Flattnitz,Kärnten,46.94083,14.03611,1437.2,2007-07-01T00:00:00+00:00,2100-12-31T00:00:00+00:00,True,True,True
167,COMBINED,187,,Friesach,Kärnten,46.95861,14.40583,640.0,2008-01-01T00:00:00+00:00,2100-12-31T00:00:00+00:00,True,True,True
168,COMBINED,188,,Völkermarkt-Goldbrunnhof,Kärnten,46.670834,14.639167,466.0,2008-07-23T00:00:00+00:00,2100-12-31T00:00:00+00:00,True,True,True
169,COMBINED,189,,Melk,Niederösterreich,48.20972,15.33139,307.0,2008-09-25T00:00:00+00:00,2100-12-31T00:00:00+00:00,True,True,True
170,COMBINED,190,,Frankenmarkt,Oberösterreich,47.99139,13.42306,565.0,2004-03-01T00:00:00+00:00,2017-03-25T23:59:59+00:00,False,True,True
171,COMBINED,192,,Wachtberg bei Steyr,Niederösterreich,48.0475,14.46111,384.0,2008-08-01T00:00:00+00:00,2100-12-31T00:00:00+00:00,True,True,True
172,COMBINED,193,,Jauerling,Niederösterreich,48.33447,15.33911,955.0,1995-07-01T00:00:00+00:00,2100-12-31T00:00:00+00:00,True,True,True
173,COMBINED,195,,Mittersill,Salzburg,47.279167,12.495833,783.0,2017-12-01T00:00:00+00:00,2100-12-31T00:00:00+00:00,True,True,True
174,COMBINED,196,,Patscherkofel,Tirol,47.20889,11.46222,2251.0,2008-01-01T00:00:00+00:00,2100-12-31T00:00:00+00:00,True,True,True
175,COMBINED,197,,Seibersdorf,Niederösterreich,47.975,16.504444,185.0,1982-06-21T00:00:00+00:00,2100-12-31T00:00:00+00:00,True,True,True
176,COMBINED,198,,Pörtschach,Kärnten,46.63083,14.16528,450.0,1982-10-01T00:00:00+00:00,2100-12-31T00:00:00+00:00,True,True,True
177,COMBINED,199,,Horn Wasserwerk,Niederösterreich,48.674999,15.643888,308.0,2007-07-01T00:00:00+00:00,2100-12-31T00:00:00+00:00,True,True,True
178,COMBINED,200,,Gleisdorf,Steiermark,47.11556,15.70806,377.3,2008-01-01T00:00:00+00:00,2100-12-31T00:00:00+00:00,True,True,True
179,COMBINED,201,,Weiz,Steiermark,47.218334,15.634444,465.7,2007-12-01T00:00:00+00:00,2013-05-31T23:59:59+00:00,True,True,False
180,COMBINED,202,,Wörterberg,Burgenland,47.22619,16.09678,403.6,2008-01-01T00:00:00+00:00,2100-12-31T00:00:00+00:00,True,True,True
181,COMBINED,203,,Fresach,Kärnten,46.71528,13.68528,683.0,2008-10-01T00:00:00+00:00,2100-12-31T00:00:00+00:00,True,True,True
182,COMBINED,204,,Kremsmünster,Oberösterreich,48.055,14.13111,382.0,2009-01-01T00:00:00+00:00,2100-12-31T00:00:00+00:00,True,True,True
183,COMBINED,205,,Feuerkogel,Oberösterreich,47.81667,13.71778,1618.0,2009-01-01T00:00:00+00:00,2100-12-31T00:00:00+00:00,True,True,True
184,COMBINED,206,,Loibl Tunnel,Kärnten,46.44389,14.24917,1096.9,2008-01-01T00:00:00+00:00,2100-12-31T00:00:00+00:00,True,True,True
185,COMBINED,210,,St.Leonhard im Pitztal,Tirol,47.02722,10.86556,1454.4,2008-01-01T00:00:00+00:00,2100-12-31T00:00:00+00:00,True,True,True
186,COMBINED,213,,Sonnblick,Salzburg,47.05417,12.9575,3109.0,2009-01-01T00:00:00+00:00,2100-12-31T00:00:00+00:00,True,True,True
187,COMBINED,214,,Söll,Tirol,47.50306,12.20028,697.0,2015-07-01T00:00:00+00:00,2100-12-31T00:00:00+00:00,True,True,True
188,COMBINED,215,,Gars am Kamp,Niederösterreich,48.59194,15.7,273.0,1999-03-10T00:00:00+00:00,2100-12-31T00:00:00+00:00,True,True,True
189,COMBINED,217,,Kapfenberg Flugfeld,Steiermark,47.45833,15.33556,515.0,1997-03-01T00:00:00+00:00,2100-12-31T00:00:00+00:00,True,True,True
190,COMBINED,218,,Andau,Burgenland,47.77,17.03556,117.0,1995-08-01T00:00:00+00:00,2100-12-31T00:00:00+00:00,True,True,True
191,COMBINED,220,,Gaschurn,Vorarlberg,46.980278,10.031667,985.0,2007-08-01T00:00:00+00:00,2100-12-31T00:00:00+00:00,True,True,True
192,COMBINED,221,,Stockerau,Niederösterreich,48.409833,16.190861,210.0,1997-06-01T00:00:00+00:00,2100-12-31T00:00:00+00:00,True,True,True
193,COMBINED,222,,Wolkersdorf,Niederösterreich,48.388056,16.508889,174.0,2008-07-23T00:00:00+00:00,2100-12-31T00:00:00+00:00,True,True,True
194,INDIVIDUAL,500,57.0,Litschau,Niederösterreich,48.95464,15.03831,557.6,1992-08-29T00:10:00+00:00,2100-12-31T00:00:00+00:00,True,True,True
195,INDIVIDUAL,726,,Raabs an der Thaya,Niederösterreich,48.84806,15.50194,458.5,2006-01-01T00:00:00+00:00,2100-12-31T00:00:00+00:00,True,True,True
196,INDIVIDUAL,905,81.0,Retz,Niederösterreich,48.76111,15.94167,320.0,1993-11-11T15:00:00+00:00,2100-12-31T00:00:00+00:00,True,True,True
197,INDIVIDUAL,1401,157.0,Kollerschlag,Oberösterreich,48.60278,13.83917,714.0,2006-01-01T00:00:00+00:00,2100-12-31T00:00:00+00:00,True,True,True
198,INDIVIDUAL,1415,77.0,Rohrbach,Oberösterreich,48.56961,13.99406,596.9,1994-06-29T12:10:00+00:00,2021-07-02T07:30:00+00:00,True,True,False
199,INDIVIDUAL,1416,77.0,Rohrbach,Oberösterreich,48.56722,14.00444,613.0,2021-10-13T15:40:00+00:00,2100-12-31T00:00:00+00:00,True,True,True
200,INDIVIDUAL,1601,26.0,Freistadt,Oberösterreich,48.506111,14.506111,549.0,1992-08-29T00:10:00+00:00,2014-08-04T00:00:00+00:00,True,True,False
201,INDIVIDUAL,1602,26.0,Freistadt,Oberösterreich,48.49472,14.50639,539.0,2006-01-01T00:00:00+00:00,2100-12-31T00:00:00+00:00,True,True,True
202,INDIVIDUAL,1730,,Schwarzau im Freiwald,Niederösterreich,48.668056,14.739445,788.0,2022-10-07T18:00:00+00:00,2100-12-31T00:00:00+00:00,False,False,True
203,INDIVIDUAL,1802,148.0,Weitra,Niederösterreich,48.70222,14.89861,571.9,2003-08-21T12:10:00+00:00,2100-12-31T00:00:00+00:00,True,True,True
204,INDIVIDUAL,1906,3.0,Allentsteig,Niederösterreich,48.69083,15.36694,598.8,1992-11-05T11:20:00+00:00,2100-12-31T00:00:00+00:00,True,True,True
205,INDIVIDUAL,1920,89.0,Stift Zwettl,Niederösterreich,48.61778,15.20361,502.4,1994-09-30T12:20:00+00:00,2100-12-31T00:00:00+00:00,True,True,True
206,INDIVIDUAL,2114,199.0,Horn,Niederösterreich,48.67056,15.65361,318.4,2006-01-01T00:00:00+00:00,2020-10-06T05:40:00+00:00,True,True,False
207,INDIVIDUAL,2115,215.0,Gars am Kamp,Niederösterreich,48.59556,15.66778,267.0,2002-03-25T17:20:00+00:00,2016-05-20T00:00:00+00:00,True,True,False
208,INDIVIDUAL,2116,215.0,Gars am Kamp,Niederösterreich,48.59194,15.7,273.0,2016-05-20T08:20:00+00:00,2100-12-31T00:00:00+00:00,True,True,True
209,INDIVIDUAL,2117,199.0,Horn Wasserwerk,Niederösterreich,48.674999,15.643888,308.0,2019-04-15T09:20:00+00:00,2100-12-31T00:00:00+00:00,True,True,True
210,INDIVIDUAL,2207,37.0,Schöngrabern,Niederösterreich,48.60333,16.06167,253.0,2006-01-01T00:00:00+00:00,2100-12-31T00:00:00+00:00,True,True,True
211,INDIVIDUAL,2401,152.0,Laa an der Thaya Kläranlage,Niederösterreich,48.73139,16.38972,184.0,2006-01-01T00:00:00+00:00,2100-12-31T00:00:00+00:00,True,True,True
212,INDIVIDUAL,2415,67.0,Leiser Berge,Niederösterreich,48.55889,16.37167,456.5,1999-09-27T12:20:00+00:00,2100-12-31T00:00:00+00:00,True,True,True
213,INDIVIDUAL,2430,,Mistelbach,Niederösterreich,48.57083,16.60944,191.0,2004-06-14T14:20:00+00:00,2100-12-31T00:00:00+00:00,True,True,True
214,INDIVIDUAL,2503,70.0,Poysdorf Ost,Niederösterreich,48.66917,16.6375,198.0,1992-08-29T00:10:00+00:00,2100-12-31T00:00:00+00:00,True,True,True
215,INDIVIDUAL,2601,158.0,Hohenau,Niederösterreich,48.61639,16.90444,153.8,2006-01-01T00:00:00+00:00,2022-02-28T08:20:00+00:00,True,True,False
216,INDIVIDUAL,2602,158.0,Hohenau,Niederösterreich,48.605835,16.913055,150.0,2022-03-02T09:50:00+00:00,2100-12-31T00:00:00+00:00,True,True,True
217,INDIVIDUAL,2902,159.0,Reichersberg,Oberösterreich,48.33111,13.37611,351.0,2006-01-01T00:00:00+00:00,2100-12-31T00:00:00+00:00,True,True,True
218,INDIVIDUAL,2910,,Schärding,Oberösterreich,48.46428,13.43453,306.7,1994-02-17T09:20:00+00:00,2100-12-31T00:00:00+00:00,True,True,True
219,INDIVIDUAL,3111,160.0,Waizenkirchen,Oberösterreich,48.32656,13.86458,400.2,2006-01-01T00:00:00+00:00,2100-12-31T00:00:00+00:00,True,True,True
220,INDIVIDUAL,3202,56.0,Linz Stadt,Oberösterreich,48.29639,14.28528,262.0,1992-11-18T07:30:00+00:00,2100-12-31T00:00:00+00:00,True,True,True
221,INDIVIDUAL,3315,161.0,Reichenau im Mühlkreis,Oberösterreich,48.45917,14.34556,689.1,2006-01-01T00:00:00+00:00,2100-12-31T00:00:00+00:00,True,True,True
222,INDIVIDUAL,3425,,Bad Zell,Oberösterreich,48.355,14.66361,554.4,2006-01-01T00:00:00+00:00,2100-12-31T00:00:00+00:00,True,True,True
223,INDIVIDUAL,3520,,Bärnkopf,Niederösterreich,48.39111,15.00278,969.0,2003-10-30T09:00:00+00:00,2100-12-31T00:00:00+00:00,True,True,True
224,INDIVIDUAL,3702,193.0,Jauerling Gipfel,Niederösterreich,48.33447,15.33911,955.0,1993-11-23T14:00:00+00:00,2100-12-31T00:00:00+00:00,True,True,True
225,INDIVIDUAL,3805,46.0,Krems,Niederösterreich,48.41861,15.62222,202.0,1996-05-07T13:10:00+00:00,2100-12-31T00:00:00+00:00,True,True,True
226,INDIVIDUAL,3811,52.0,Langenlois,Niederösterreich,48.4725,15.69722,207.0,1992-12-14T10:20:00+00:00,2100-12-31T00:00:00+00:00,True,True,True
227,INDIVIDUAL,4026,221.0,Stockerau Flugplatz,Niederösterreich,48.409833,16.190861,210.0,2023-05-11T08:20:00+00:00,2100-12-31T00:00:00+00:00,True,True,True
228,INDIVIDUAL,4030,221.0,Stockerau,Niederösterreich,48.39689,16.19261,203.3,2002-04-11T06:10:00+00:00,2024-06-12T02:50:00+00:00,True,True,False
229,INDIVIDUAL,4081,51.0,Langenlebarn,Niederösterreich,48.32389,16.11806,175.3,1992-10-21T11:00:00+00:00,2100-12-31T00:00:00+00:00,True,True,True
230,INDIVIDUAL,4115,,Wien Stammersdorf,Wien,48.30581,16.40556,190.7,2006-01-01T00:00:00+00:00,2100-12-31T00:00:00+00:00,True,True,True
231,INDIVIDUAL,4125,222.0,Wolkersdorf,Niederösterreich,48.38028,16.5075,184.9,2006-01-01T00:00:00+00:00,2100-12-31T00:00:00+00:00,True,True,False
232,INDIVIDUAL,4126,222.0,Wolkersdorf,Niederösterreich,48.388056,16.508889,174.0,2023-06-19T09:00:00+00:00,2100-12-31T00:00:00+00:00,True,True,True
233,INDIVIDUAL,4224,134.0,Gänserndorf Stadt,Niederösterreich,48.33778,16.71361,163.0,2002-11-13T09:00:00+00:00,2100-12-31T00:00:00+00:00,True,True,True
234,INDIVIDUAL,4305,,Zwerndorf,Niederösterreich,48.33806,16.83139,143.5,1997-03-20T11:20:00+00:00,2100-12-31T00:00:00+00:00,True,True,True
235,INDIVIDUAL,4501,75.0,Ranshofen Braunau,Oberösterreich,48.22417,13.02833,382.0,1994-06-28T00:00:00+00:00,2100-12-31T00:00:00+00:00,True,True,True
236,INDIVIDUAL,4515,,Ostermiething,Oberösterreich,48.05306,12.83167,412.0,2006-01-01T00:00:00+00:00,2100-12-31T00:00:00+00:00,True,True,True
237,INDIVIDUAL,4601,162.0,Aspach,Oberösterreich,48.18306,13.3,427.0,2006-01-01T00:00:00+00:00,2100-12-31T00:00:00+00:00,True,True,True
238,INDIVIDUAL,4611,,Mattighofen,Oberösterreich,48.09722,13.15111,459.8,2006-01-01T00:00:00+00:00,2100-12-31T00:00:00+00:00,True,True,True
239,INDIVIDUAL,4705,141.0,Ried im Innkreis,Oberösterreich,48.21722,13.475,427.0,1997-06-16T12:20:00+00:00,2100-12-31T00:00:00+00:00,True,True,True
240,INDIVIDUAL,4802,27.0,Gallspach,Oberösterreich,48.20422,13.825,425.9,2006-01-01T00:00:00+00:00,2100-12-31T00:00:00+00:00,True,False,True
241,INDIVIDUAL,4815,111.0,Wolfsegg,Oberösterreich,48.10542,13.67092,635.1,1995-05-30T10:50:00+00:00,2100-12-31T00:00:00+00:00,True,True,True
242,INDIVIDUAL,4821,,Vöcklabruck,Oberösterreich,48.0075,13.645833,434.0,2006-01-01T00:00:00+00:00,2100-12-31T00:00:00+00:00,True,True,True
243,INDIVIDUAL,4905,,Wels-Schleißheim,Oberösterreich,48.16278,14.07139,309.0,1992-08-29T00:10:00+00:00,2100-12-31T00:00:00+00:00,True,True,True
244,INDIVIDUAL,5000,,Linz Hörsching Flughafen,Oberösterreich,48.23528,14.18806,298.0,2006-01-01T00:00:00+00:00,2100-12-31T00:00:00+00:00,True,False,True
245,INDIVIDUAL,5012,204.0,Kremsmünster,Oberösterreich,48.055,14.13111,382.0,1993-03-16T14:40:00+00:00,2100-12-31T00:00:00+00:00,True,True,True
246,INDIVIDUAL,5116,192.0,Wachtberg bei Steyr,Niederösterreich,48.0475,14.46111,384.0,2006-01-01T00:00:00+00:00,2100-12-31T00:00:00+00:00,True,True,True
247,INDIVIDUAL,5130,23.0,Enns,Oberösterreich,48.19583,14.45028,317.0,2006-01-01T00:00:00+00:00,2100-12-31T00:00:00+00:00,True,True,True
248,INDIVIDUAL,5315,4.0,Amstetten Kläranlage,Niederösterreich,48.10806,14.89861,265.0,1993-05-25T12:20:00+00:00,2000-06-30T23:00:00+00:00,True,True,False
249,INDIVIDUAL,5316,4.0,Amstetten,Niederösterreich,48.10889,14.895,266.0,2000-06-30T23:10:00+00:00,2100-12-31T00:00:00+00:00,True,True,True
250,INDIVIDUAL,5412,155.0,Oberndorf an der Melk,Niederösterreich,48.06239,15.21381,295.1,2006-01-01T00:00:00+00:00,2100-12-31T00:00:00+00:00,True,True,True
251,INDIVIDUAL,5413,189.0,Melk,Niederösterreich,48.20972,15.33139,307.0,2006-01-01T00:00:00+00:00,2100-12-31T00:00:00+00:00,True,True,True
252,INDIVIDUAL,5421,,Wieselburg,Niederösterreich,48.12731,15.14672,258.7,2006-01-01T00:00:00+00:00,2100-12-31T00:00:00+00:00,True,True,True
253,INDIVIDUAL,5604,93.0,St. Pölten Kopalkaserne,Niederösterreich,48.180279,15.611111,285.0,1994-04-13T09:40:00+00:00,2005-06-13T13:20:00+00:00,True,True,False
254,INDIVIDUAL,5609,93.0,St. Pölten Landhaus,Niederösterreich,48.19972,15.63111,273.6,2003-07-04T08:40:00+00:00,2100-12-31T00:00:00+00:00,True,True,True
255,INDIVIDUAL,5625,,Lilienfeld-Tarschberg,Niederösterreich,48.02806,15.5875,696.0,1993-04-15T10:00:00+00:00,2100-12-31T00:00:00+00:00,True,True,True
256,INDIVIDUAL,5701,,Klausen Leopoldsdorf,Niederösterreich,48.08864,16.00161,389.0,2006-01-01T00:00:00+00:00,2100-12-31T00:00:00+00:00,True,True,True
257,INDIVIDUAL,5725,125.0,Kohlreithberg,Niederösterreich,48.175835,15.935278,490.0,2002-06-01T00:10:00+00:00,2010-06-08T00:00:00+00:00,True,True,False
258,INDIVIDUAL,5735,,Buchberg,Niederösterreich,48.21362,15.94495,460.3,2006-01-01T00:00:00+00:00,2100-12-31T00:00:00+00:00,True,True,True
259,INDIVIDUAL,5802,,Wien Jubliäumswarte,Wien,48.22111,16.26528,450.0,2006-01-01T00:00:00+00:00,2100-12-31T00:00:00+00:00,True,True,True
260,INDIVIDUAL,5805,106.0,Wien Mariabrunn,Wien,48.20694,16.22944,225.0,1997-02-17T12:20:00+00:00,2100-12-31T00:00:00+00:00,True,True,True
261,INDIVIDUAL,5820,,Brunn am Gebirge,Niederösterreich,48.10694,16.27,290.6,2006-01-01T00:00:00+00:00,2100-12-31T00:00:00+00:00,True,True,True
262,INDIVIDUAL,5870,12.0,Baden,Niederösterreich,48.011391,16.235556,244.8,1992-08-29T00:10:00+00:00,2012-05-31T00:00:00+00:00,True,False,False
263,INDIVIDUAL,5881,32.0,Gumpoldskirchen,Niederösterreich,48.04028,16.28222,219.0,1994-04-14T10:00:00+00:00,2018-03-29T23:50:00+00:00,True,True,False
264,INDIVIDUAL,5882,32.0,Gumpoldskirchen,Niederösterreich,48.03583,16.28083,212.0,2018-03-30T00:00:00+00:00,2100-12-31T00:00:00+00:00,True,True,True
265,INDIVIDUAL,5904,105.0,Wien Hohe Warte,Wien,48.24861,16.35639,198.0,1992-05-20T06:10:00+00:00,2100-12-31T00:00:00+00:00,True,True,True
266,INDIVIDUAL,5917,107.0,Wien Unterlaa,Wien,48.125,16.41944,200.0,1997-09-09T13:20:00+00:00,2100-12-31T00:00:00+00:00,True,True,True
267,INDIVIDUAL,5925,,Wien Innere Stadt,Wien,48.19833,16.36694,177.0,1994-05-13T08:40:00+00:00,2100-12-31T00:00:00+00:00,True,True,True
268,INDIVIDUAL,5935,,Wien Donaufeld,Wien,48.25722,16.43139,160.0,2001-06-15T09:30:00+00:00,2100-12-31T00:00:00+00:00,True,True,True
269,INDIVIDUAL,5972,31.0,Groß-Enzersdorf,Niederösterreich,48.19975,16.55917,154.3,1994-01-12T17:10:00+00:00,2100-12-31T00:00:00+00:00,True,True,True
270,INDIVIDUAL,5990,,Schwechat Flughafen,Niederösterreich,48.1175,16.58139,183.0,2006-01-01T00:00:00+00:00,2100-12-31T00:00:00+00:00,True,False,True
271,INDIVIDUAL,6102,18.0,Bruckneudorf,Burgenland,48.01278,16.845,165.6,2006-01-01T00:00:00+00:00,2100-12-31T00:00:00+00:00,True,True,True
272,INDIVIDUAL,6111,,Bad Deutsch-Altenburg,Niederösterreich,48.13647,16.90675,168.6,2006-01-01T00:00:00+00:00,2100-12-31T00:00:00+00:00,True,True,True
273,INDIVIDUAL,6300,131.0,Salzburg Flughafen,Salzburg,47.78944,13.00861,430.0,2006-01-01T00:00:00+00:00,2100-12-31T00:00:00+00:00,True,True,True
274,INDIVIDUAL,6305,145.0,Salzburg Freisaal,Salzburg,47.79111,13.05417,419.0,1992-08-29T00:10:00+00:00,2100-12-31T00:00:00+00:00,True,True,True
275,INDIVIDUAL,6411,60.0,Mattsee,Salzburg,47.97,13.1,504.0,1993-06-04T07:10:00+00:00,1998-10-31T23:50:00+00:00,True,False,False
276,INDIVIDUAL,6412,60.0,Mattsee,Salzburg,47.97778,13.10694,508.0,1998-11-01T00:00:00+00:00,1999-01-25T12:00:00+00:00,True,False,False
277,INDIVIDUAL,6415,60.0,Mattsee,Salzburg,47.97722,13.10556,502.0,1999-07-27T09:00:00+00:00,2100-12-31T00:00:00+00:00,True,True,True
278,INDIVIDUAL,6430,,Kolomansberg,Salzburg,47.87772,13.27519,1113.1,2006-01-01T00:00:00+00:00,2100-12-31T00:00:00+00:00,True,True,True
279,INDIVIDUAL,6501,190.0,Frankenmarkt,Oberösterreich,47.99139,13.42306,565.0,2016-12-14T00:10:00+00:00,2017-03-27T23:50:00+00:00,False,True,True
280,INDIVIDUAL,6512,163.0,Mondsee,Oberösterreich,47.85083,13.34722,480.5,2006-01-01T00:00:00+00:00,2100-12-31T00:00:00+00:00,True,True,True
281,INDIVIDUAL,6540,,Unterach am Attersee,Oberösterreich,47.802776,13.483611,470.0,2019-05-27T15:20:00+00:00,2100-12-31T00:00:00+00:00,True,False,True
282,INDIVIDUAL,6611,205.0,Feuerkogel,Oberösterreich,47.81667,13.71778,1618.0,1992-12-22T09:20:00+00:00,2100-12-31T00:00:00+00:00,True,True,True
283,INDIVIDUAL,6620,29.0,Gmunden,Oberösterreich,47.91472,13.8075,424.4,1992-08-29T00:10:00+00:00,2016-04-27T00:00:00+00:00,True,True,False
284,INDIVIDUAL,6621,,Altmünster,Oberösterreich,47.87917,13.77333,438.0,2006-01-01T00:00:00+00:00,2100-12-31T00:00:00+00:00,True,True,True
285,INDIVIDUAL,6803,144.0,Micheldorf,Oberösterreich,47.88306,14.13444,459.0,2006-01-01T00:00:00+00:00,2022-09-12T16:50:00+00:00,True,True,False
286,INDIVIDUAL,6804,144.0,Micheldorf,Oberösterreich,47.88388,14.117222,443.0,2022-09-12T17:00:00+00:00,2100-12-31T00:00:00+00:00,True,True,True
287,INDIVIDUAL,7002,104.0,Weyer,Oberösterreich,47.85719,14.66572,426.1,2006-01-01T00:00:00+00:00,2100-12-31T00:00:00+00:00,True,True,True
288,INDIVIDUAL,7012,101.0,Waidhofen an der Ybbs/Zentrum,Niederösterreich,47.95778,14.78444,365.1,2001-01-24T12:20:00+00:00,2019-06-04T09:00:00+00:00,True,True,False
289,INDIVIDUAL,7013,101.0,Waidhofen an der Ybbs,Niederösterreich,47.94556,14.80972,384.0,2017-03-30T08:00:00+00:00,2100-12-31T00:00:00+00:00,True,True,True
290,INDIVIDUAL,7110,,Lunz am See,Niederösterreich,47.85436,15.06758,611.9,1994-09-08T09:40:00+00:00,2100-12-31T00:00:00+00:00,True,True,True
291,INDIVIDUAL,7221,59.0,Mariazell/St. Sebastian,Steiermark,47.78917,15.30222,864.0,2000-07-25T09:20:00+00:00,2100-12-31T00:00:00+00:00,True,True,True
292,INDIVIDUAL,7301,,Kernhof-St. Aegyd am Neuwalde,Niederösterreich,47.819333,15.547972,679.0,2022-05-07T09:00:00+00:00,2100-12-31T00:00:00+00:00,False,False,True
293,INDIVIDUAL,7305,,Krumbach,Niederösterreich,47.52806,16.18667,545.2,2014-09-01T00:10:00+00:00,2100-12-31T00:00:00+00:00,True,False,True
294,INDIVIDUAL,7500,72.0,Puchberg am Schneeberg,Niederösterreich,47.79028,15.90944,580.0,1992-08-29T00:10:00+00:00,1998-03-18T09:00:00+00:00,True,True,False
295,INDIVIDUAL,7505,72.0,Puchberg am Schneeberg,Niederösterreich,47.79028,15.90694,582.8,1998-03-23T20:40:00+00:00,2100-12-31T00:00:00+00:00,True,True,True
296,INDIVIDUAL,7531,36.0,Hohe Wand Hochkogelhaus,Niederösterreich,47.82222,16.035,936.9,1993-05-14T10:00:00+00:00,2100-12-31T00:00:00+00:00,True,True,True
297,INDIVIDUAL,7604,112.0,Wiener Neustadt Flugplatz,Niederösterreich,47.83233,16.23147,275.0,1992-10-20T09:10:00+00:00,2100-12-31T00:00:00+00:00,True,True,True
298,INDIVIDUAL,7610,,Gutenstein Mariahilfberg,Niederösterreich,47.87139,15.87611,708.9,1996-09-04T09:00:00+00:00,2100-12-31T00:00:00+00:00,True,False,True
299,INDIVIDUAL,7641,164.0,Berndorf,Niederösterreich,47.93917,16.10111,337.0,2006-01-01T00:00:00+00:00,2100-12-31T00:00:00+00:00,True,True,True
300,INDIVIDUAL,7653,,Bad Vöslau,Niederösterreich,47.961111,16.209444,266.0,2021-09-30T00:10:00+00:00,2100-12-31T00:00:00+00:00,True,False,True
301,INDIVIDUAL,7704,22.0,Eisenstadt Nordost,Burgenland,47.85417,16.53833,184.0,1993-08-04T14:00:00+00:00,2100-12-31T00:00:00+00:00,True,True,True
302,INDIVIDUAL,7710,197.0,Seibersdorf,Niederösterreich,47.975,16.504444,185.0,2002-08-27T13:40:00+00:00,2100-12-31T00:00:00+00:00,True,True,True
303,INDIVIDUAL,7714,,Hornstein,Burgenland,47.877606,16.452103,312.0,2024-03-06T08:10:00+00:00,2100-12-31T00:00:00+00:00,True,False,True
304,INDIVIDUAL,7890,65.0,Neusiedl am See,Burgenland,47.94917,16.82889,117.0,2017-01-20T00:10:00+00:00,2100-12-31T00:00:00+00:00,True,True,True
305,INDIVIDUAL,7905,65.0,Neusiedl am See,Burgenland,47.9425,16.85778,135.0,1992-11-05T14:30:00+00:00,2004-08-01T00:00:00+00:00,True,True,False
306,INDIVIDUAL,7906,65.0,Neusiedl am See,Burgenland,47.95083,16.84167,148.0,2004-08-01T00:10:00+00:00,2100-12-31T00:00:00+00:00,True,True,True
307,INDIVIDUAL,7912,,Podersdorf Strandbad,Burgenland,47.86611,16.83444,116.0,2006-01-01T00:00:00+00:00,2100-12-31T00:00:00+00:00,True,False,True
308,INDIVIDUAL,7955,218.0,Andau,Burgenland,47.7725,17.03333,117.5,1995-08-02T11:20:00+00:00,2022-06-20T06:50:00+00:00,True,True,False
309,INDIVIDUAL,7956,218.0,Andau,Burgenland,47.77,17.03556,117.0,2021-06-16T13:10:00+00:00,2100-12-31T00:00:00+00:00,True,True,True
310,INDIVIDUAL,8301,,Sulzberg,Vorarlberg,47.52194,9.91416,1014.0,2006-01-01T00:00:00+00:00,2100-12-31T00:00:00+00:00,True,True,True
311,INDIVIDUAL,8805,151.0,Achenkirch,Tirol,47.53222,11.70528,904.0,1998-09-23T11:10:00+00:00,2016-10-05T00:00:00+00:00,True,True,False
312,INDIVIDUAL,8806,151.0,Achenkirch,Tirol,47.49944,11.70667,931.0,2016-10-05T00:10:00+00:00,2100-12-31T00:00:00+00:00,True,True,True
313,INDIVIDUAL,9016,142.0,Kufstein,Tirol,47.57528,12.16278,490.0,1994-05-25T06:50:00+00:00,2100-12-31T00:00:00+00:00,True,True,True
314,INDIVIDUAL,9019,214.0,Söll,Tirol,47.50306,12.20028,697.0,2006-01-01T00:00:00+00:00,2100-12-31T00:00:00+00:00,True,True,True
315,INDIVIDUAL,9105,,Kirchdorf in Tirol,Tirol,47.56611,12.46306,636.6,2006-01-01T00:00:00+00:00,2100-12-31T00:00:00+00:00,True,True,True
316,INDIVIDUAL,9110,,Kössen,Tirol,47.66289,12.39381,588.2,2006-01-01T00:00:00+00:00,2100-12-31T00:00:00+00:00,True,True,True
317,INDIVIDUAL,9211,129.0,Lofer Ort,Salzburg,47.58444,12.69528,622.0,1999-04-07T09:00:00+00:00,2100-12-31T00:00:00+00:00,True,True,True
318,INDIVIDUAL,9215,,Loferer Alm,Salzburg,47.59778,12.64611,1619.0,1995-02-24T13:30:00+00:00,2100-12-31T00:00:00+00:00,True,True,True
319,INDIVIDUAL,9406,,Golling,Salzburg,47.59114,13.18178,489.9,2006-01-01T00:00:00+00:00,2100-12-31T00:00:00+00:00,True,True,True
320,INDIVIDUAL,9501,165.0,Abtenau,Salzburg,47.56667,13.34333,709.0,2006-01-01T00:00:00+00:00,2100-12-31T00:00:00+00:00,True,True,True
321,INDIVIDUAL,9511,109.0,St. Wolfgang,Oberösterreich,47.73694,13.45,539.0,1992-08-29T00:10:00+00:00,2013-10-01T00:00:00+00:00,True,False,False
322,INDIVIDUAL,9512,109.0,St. Wolfgang,Oberösterreich,47.74028,13.44194,544.0,2013-10-01T00:10:00+00:00,2100-12-31T00:00:00+00:00,True,False,True
323,INDIVIDUAL,9605,9.0,Bad Goisern,Oberösterreich,47.63333,13.61667,510.0,1995-02-21T11:10:00+00:00,1997-12-21T23:50:00+00:00,True,True,False
324,INDIVIDUAL,9606,9.0,Bad Goisern,Oberösterreich,47.64256,13.61803,502.1,1997-12-22T00:00:00+00:00,2016-02-09T00:00:00+00:00,True,True,False
325,INDIVIDUAL,9609,9.0,Bad Goisern,Oberösterreich,47.62194,13.64472,538.0,2006-01-01T00:00:00+00:00,2100-12-31T00:00:00+00:00,True,True,True
326,INDIVIDUAL,9618,132.0,Bad Ischl,Oberösterreich,47.70619,13.64714,506.7,2006-01-01T00:00:00+00:00,2100-12-31T00:00:00+00:00,True,True,True
327,INDIVIDUAL,9640,5.0,Bad Aussee,Steiermark,47.61111,13.78278,667.0,1992-08-29T00:10:00+00:00,2013-01-24T00:00:00+00:00,True,False,False
328,INDIVIDUAL,9643,5.0,Bad Aussee,Steiermark,47.6105,13.75844,743.1,2013-02-18T00:10:00+00:00,2100-12-31T00:00:00+00:00,True,False,True
329,INDIVIDUAL,9700,10.0,Bad Mitterndorf,Steiermark,47.55333,13.93472,814.0,1992-08-29T00:10:00+00:00,2100-12-31T00:00:00+00:00,True,True,True
330,INDIVIDUAL,9801,2.0,Aigen im Ennstal,Steiermark,47.53278,14.13826,641.0,1992-11-13T13:40:00+00:00,2100-12-31T00:00:00+00:00,True,True,True
331,INDIVIDUAL,9811,40.0,Irdning-Gumpenstein,Steiermark,47.495,14.09967,697.1,2006-01-01T00:00:00+00:00,2100-12-31T00:00:00+00:00,True,True,True
332,INDIVIDUAL,9911,166.0,Hall bei Admont,Steiermark,47.59444,14.49083,637.0,2006-01-01T00:00:00+00:00,2100-12-31T00:00:00+00:00,True,True,True
333,INDIVIDUAL,9919,108.0,Windischgarsten,Oberösterreich,47.72028,14.32611,599.9,1992-10-29T16:40:00+00:00,2100-12-31T00:00:00+00:00,True,False,True
334,INDIVIDUAL,9925,,Rottenmann,Steiermark,47.50767,14.43028,707.2,2006-01-01T00:00:00+00:00,2100-12-31T00:00:00+00:00,True,True,True
335,INDIVIDUAL,10005,,Mooslandl,Steiermark,47.64753,14.76167,529.9,2005-09-15T18:10:00+00:00,2100-12-31T00:00:00+00:00,True,True,True
336,INDIVIDUAL,10111,153.0,Präbichl,Steiermark,47.52158,14.95416,1215.2,2000-09-26T09:00:00+00:00,2100-12-31T00:00:00+00:00,True,True,True
337,INDIVIDUAL,10200,1.0,Aflenz,Steiermark,47.54594,15.24069,783.2,1992-10-08T12:30:00+00:00,2100-12-31T00:00:00+00:00,True,True,True
338,INDIVIDUAL,10401,167.0,Mürzzuschlag,Steiermark,47.60222,15.67278,705.2,2006-01-01T00:00:00+00:00,2100-12-31T00:00:00+00:00,True,True,True
339,INDIVIDUAL,10412,,Rax Seilbahnbergstation,Niederösterreich,47.7175,15.77861,1547.2,1994-10-20T13:00:00+00:00,2100-12-31T00:00:00+00:00,True,True,True
340,INDIVIDUAL,10415,88.0,Semmering,Niederösterreich,47.63325,15.82839,987.6,1992-08-29T00:10:00+00:00,2100-12-31T00:00:00+00:00,True,True,True
341,INDIVIDUAL,10500,63.0,Mönichkirchen,Niederösterreich,47.51111,16.03333,991.0,1992-11-11T10:50:00+00:00,2100-12-31T00:00:00+00:00,True,True,True
342,INDIVIDUAL,10510,80.0,Reichenau an der Rax,Niederösterreich,47.69972,15.83694,488.0,1992-08-29T00:10:00+00:00,2100-12-31T00:00:00+00:00,True,True,True
343,INDIVIDUAL,10531,169.0,Pottschach,Niederösterreich,47.70083,16.00806,416.4,2006-01-01T00:00:00+00:00,2100-12-31T00:00:00+00:00,True,True,True
344,INDIVIDUAL,10550,,Hirschenkogel,Niederösterreich,47.62333,15.83333,1318.1,1994-06-13T14:30:00+00:00,2100-12-31T00:00:00+00:00,True,True,True
345,INDIVIDUAL,10607,170.0,Aspang,Niederösterreich,47.575,16.10139,454.0,2006-01-01T00:00:00+00:00,2100-12-31T00:00:00+00:00,True,True,True
346,INDIVIDUAL,10710,,Mattersburg,Burgenland,47.745,16.38917,283.9,2006-01-01T00:00:00+00:00,2100-12-31T00:00:00+00:00,True,True,True
347,INDIVIDUAL,10720,,Neudorf bei Landsee,Burgenland,47.56278,16.38139,429.0,2006-01-01T00:00:00+00:00,2100-12-31T00:00:00+00:00,True,True,True
348,INDIVIDUAL,11104,15.0,Bregenz,Vorarlberg,47.49917,9.74611,424.0,1993-06-15T17:40:00+00:00,2100-12-31T00:00:00+00:00,True,True,True
349,INDIVIDUAL,11106,133.0,Fraxern,Vorarlberg,47.31417,9.67444,807.0,2003-07-16T13:10:00+00:00,2100-12-31T00:00:00+00:00,True,True,True
350,INDIVIDUAL,11112,171.0,Dornbirn,Vorarlberg,47.4325,9.72556,407.3,1993-06-16T11:30:00+00:00,2022-09-01T06:00:00+00:00,True,True,False
351,INDIVIDUAL,11114,171.0,Dornbirn,Vorarlberg,47.4325,9.72556,407.3,2022-09-01T06:10:00+00:00,2100-12-31T00:00:00+00:00,True,True,True
352,INDIVIDUAL,11115,24.0,Feldkirch,Vorarlberg,47.27111,9.60972,438.4,1994-04-18T09:00:00+00:00,2100-12-31T00:00:00+00:00,True,True,True
353,INDIVIDUAL,11116,,Laterns-Gapfohl,Vorarlberg,47.27503,9.75992,1558.7,2006-01-01T00:00:00+00:00,2100-12-31T00:00:00+00:00,True,False,True
354,INDIVIDUAL,11135,,Alberschwende,Vorarlberg,47.4575,9.84861,715.3,1996-01-16T19:30:00+00:00,2100-12-31T00:00:00+00:00,True,True,True
355,INDIVIDUAL,11146,,Rohrspitz,Vorarlberg,47.49722,9.63,395.1,2006-01-01T00:00:00+00:00,2100-12-31T00:00:00+00:00,True,True,True
356,INDIVIDUAL,11203,172.0,Schoppernau,Vorarlberg,47.31139,10.01778,839.0,2006-01-01T00:00:00+00:00,2100-12-31T00:00:00+00:00,True,True,True
357,INDIVIDUAL,11301,173.0,Schröcken,Vorarlberg,47.26167,10.08611,1244.0,2006-01-01T00:00:00+00:00,2100-12-31T00:00:00+00:00,True,True,True
358,INDIVIDUAL,11305,,Warth,Vorarlberg,47.25583,10.18611,1478.0,1993-06-15T17:50:00+00:00,2100-12-31T00:00:00+00:00,True,True,True
359,INDIVIDUAL,11311,174.0,Mittelberg,Vorarlberg,47.32333,10.1525,1204.0,2006-01-01T00:00:00+00:00,2100-12-31T00:00:00+00:00,True,True,True
360,INDIVIDUAL,11402,146.0,Holzgau,Tirol,47.25758,10.33867,1092.0,2006-01-01T00:00:00+00:00,2100-12-31T00:00:00+00:00,True,True,True
361,INDIVIDUAL,11410,,Tannheim,Tirol,47.50028,10.50583,1100.0,2006-01-01T00:00:00+00:00,2100-12-31T00:00:00+00:00,True,True,True
362,INDIVIDUAL,11505,76.0,Reutte,Tirol,47.49444,10.71528,841.8,1994-12-06T10:40:00+00:00,2100-12-31T00:00:00+00:00,True,True,True
363,INDIVIDUAL,11603,20.0,Ehrwald,Tirol,47.40417,10.92,982.0,2005-12-31T00:00:00+00:00,2100-12-31T00:00:00+00:00,True,True,True
364,INDIVIDUAL,11706,87.0,Seefeld,Tirol,47.32478,11.17542,1181.9,1997-06-11T12:20:00+00:00,2100-12-31T00:00:00+00:00,True,True,True
365,INDIVIDUAL,11803,39.0,Innsbruck Universität,Tirol,47.25986,11.38425,578.0,2006-01-01T00:00:00+00:00,2100-12-31T00:00:00+00:00,True,True,True
366,INDIVIDUAL,11804,175.0,Innsbruck Flughafen,Tirol,47.25999,11.35667,578.0,1992-11-24T13:20:00+00:00,2100-12-31T00:00:00+00:00,True,True,True
367,INDIVIDUAL,11901,42.0,Jenbach,Tirol,47.38878,11.75814,530.0,1995-01-19T07:40:00+00:00,2100-12-31T00:00:00+00:00,True,True,True
368,INDIVIDUAL,12015,,Alpbach,Tirol,47.39694,11.94028,929.0,2006-01-01T00:00:00+00:00,2100-12-31T00:00:00+00:00,True,True,True
369,INDIVIDUAL,12202,118.0,Kitzbühel,Tirol,47.44722,12.39417,746.1,2006-01-01T00:00:00+00:00,2014-03-25T00:00:00+00:00,True,True,False
370,INDIVIDUAL,12203,118.0,Kitzbühel,Tirol,47.44389,12.38917,772.0,2006-01-01T00:00:00+00:00,2100-12-31T00:00:00+00:00,True,True,True
371,INDIVIDUAL,12215,176.0,Hahnenkamm-Ehrenbachhöhe,Tirol,47.41831,12.35928,1793.8,1993-02-17T09:30:00+00:00,2100-12-31T00:00:00+00:00,True,True,True
372,INDIVIDUAL,12216,,Hahnenkamm-Sonnenrast,Tirol,47.409168,12.359445,1667.0,2019-09-16T11:10:00+00:00,2100-12-31T00:00:00+00:00,False,False,True
373,INDIVIDUAL,12231,195.0,Mittersill,Salzburg,47.279167,12.495833,783.0,2017-12-01T00:00:00+00:00,2100-12-31T00:00:00+00:00,True,True,True
374,INDIVIDUAL,12302,83.0,Saalbach,Salzburg,47.38789,12.64844,974.6,2006-01-01T00:00:00+00:00,2100-12-31T00:00:00+00:00,True,True,True
375,INDIVIDUAL,12311,85.0,Schmittenhöhe,Salzburg,47.32872,12.73794,1955.6,1992-08-29T00:10:00+00:00,2100-12-31T00:00:00+00:00,True,True,True
376,INDIVIDUAL,12322,113.0,Zell am See,Salzburg,47.32667,12.79528,766.0,1992-08-29T00:10:00+00:00,2019-07-15T05:20:00+00:00,True,False,False
377,INDIVIDUAL,12323,113.0,Zell am See,Salzburg,47.29,12.78639,754.0,2019-07-16T06:40:00+00:00,2100-12-31T00:00:00+00:00,True,False,True
378,INDIVIDUAL,12351,178.0,Hochfilzen,Tirol,47.47028,12.62111,961.9,2006-01-01T00:00:00+00:00,2100-12-31T00:00:00+00:00,True,True,True
379,INDIVIDUAL,12504,14.0,Bischofshofen,Salzburg,47.40667,13.22111,549.9,1992-08-29T00:10:00+00:00,2100-12-31T00:00:00+00:00,True,True,True
380,INDIVIDUAL,12513,,St. Veit im Pongau,Salzburg,47.32917,13.155,749.0,2004-11-17T10:10:00+00:00,2100-12-31T00:00:00+00:00,True,True,True
381,INDIVIDUAL,12530,156.0,St. Johann im Pongau,Salzburg,47.31981,13.18672,634.2,2016-12-14T00:10:00+00:00,2100-12-31T00:00:00+00:00,False,False,True
382,INDIVIDUAL,12615,73.0,Radstadt,Salzburg,47.38528,13.45611,858.0,1994-12-05T12:30:00+00:00,2017-11-09T08:10:00+00:00,True,True,False
383,INDIVIDUAL,12616,73.0,Radstadt-Tandalier,Salzburg,47.38,13.44083,835.0,2016-08-08T00:10:00+00:00,2100-12-31T00:00:00+00:00,True,True,True
384,INDIVIDUAL,12711,179.0,Ramsau am Dachstein,Steiermark,47.42514,13.63428,1206.8,1992-08-29T00:10:00+00:00,2100-12-31T00:00:00+00:00,True,True,True
385,INDIVIDUAL,12720,,Dachstein-Hunerkogel,Oberösterreich,47.46778,13.62639,2700.0,2017-06-01T00:00:00+00:00,2100-12-31T00:00:00+00:00,True,True,True
386,INDIVIDUAL,12721,,Dachstein-Schladminger Gletscher,Oberösterreich,47.474445,13.6325,2520.0,2017-11-13T14:00:00+00:00,2100-12-31T00:00:00+00:00,False,False,True
387,INDIVIDUAL,12811,147.0,Gröbming,Steiermark,47.44678,13.90422,765.5,2001-10-03T11:40:00+00:00,2100-12-31T00:00:00+00:00,True,True,True
388,INDIVIDUAL,13116,124.0,Seckau,Steiermark,47.27083,14.77861,872.0,2001-11-08T16:10:00+00:00,2100-12-31T00:00:00+00:00,True,True,True
389,INDIVIDUAL,13120,44.0,Kalwang,Steiermark,47.42126,14.75961,743.6,1994-05-17T14:30:00+00:00,2100-12-31T00:00:00+00:00,True,True,True
390,INDIVIDUAL,13250,,St. Michael bei Leoben,Steiermark,47.335556,15.005,570.0,1992-08-29T00:10:00+00:00,2013-05-15T00:00:00+00:00,True,True,False
391,INDIVIDUAL,13302,17.0,Bruck an der Mur,Steiermark,47.40556,15.24972,482.0,2004-10-28T13:10:00+00:00,2100-12-31T00:00:00+00:00,True,True,True
392,INDIVIDUAL,13305,217.0,Kapfenberg,Steiermark,47.44592,15.29828,504.7,1997-02-17T12:40:00+00:00,2018-05-23T04:50:00+00:00,True,True,False
393,INDIVIDUAL,13308,,Frohnleiten,Steiermark,47.25556,15.315,421.0,2006-01-01T00:00:00+00:00,2100-12-31T00:00:00+00:00,True,True,True
394,INDIVIDUAL,13312,,Leoben,Steiermark,47.37833,15.08667,544.0,2006-01-01T00:00:00+00:00,2100-12-31T00:00:00+00:00,True,True,True
395,INDIVIDUAL,13401,217.0,Kapfenberg Flugfeld,Steiermark,47.45833,15.33556,515.0,2018-05-23T14:50:00+00:00,2100-12-31T00:00:00+00:00,True,True,True
396,INDIVIDUAL,13515,25.0,Fischbach,Steiermark,47.44417,15.64389,1034.4,2004-11-09T12:10:00+00:00,2100-12-31T00:00:00+00:00,True,True,True
397,INDIVIDUAL,13605,,Hartberg,Steiermark,47.28056,15.97861,329.6,1994-10-24T13:10:00+00:00,2100-12-31T00:00:00+00:00,True,True,True
398,INDIVIDUAL,13606,,Rohrbach an der Lafnitz/Eichberg,Steiermark,47.4,15.93694,692.0,2006-01-01T00:00:00+00:00,2100-12-31T00:00:00+00:00,True,True,True
399,INDIVIDUAL,13640,,Kroisegg,Burgenland,47.378613,16.042223,444.0,2016-06-07T00:10:00+00:00,2100-12-31T00:00:00+00:00,True,True,True
400,INDIVIDUAL,13702,13.0,Bernstein,Burgenland,47.40833,16.26139,630.8,2006-01-01T00:00:00+00:00,2100-12-31T00:00:00+00:00,True,True,True
401,INDIVIDUAL,13706,140.0,Bad Tatzmannsdorf,Burgenland,47.33797,16.225,347.2,2004-09-17T09:50:00+00:00,2024-01-24T14:00:00+00:00,True,False,False
402,INDIVIDUAL,13707,140.0,Bad Tatzmannsdorf,Burgenland,47.328056,16.228056,332.0,2024-01-24T14:10:00+00:00,2100-12-31T00:00:00+00:00,True,False,True
403,INDIVIDUAL,13805,,Hirschenstein,Burgenland,47.345276,16.379168,858.9,2006-01-01T00:00:00+00:00,2014-09-18T00:00:00+00:00,True,True,False
404,INDIVIDUAL,13811,180.0,Rechnitz,Burgenland,47.30139,16.45417,308.0,2006-01-01T00:00:00+00:00,2100-12-31T00:00:00+00:00,True,False,True
405,INDIVIDUAL,13906,58.0,Lutzmannsburg,Burgenland,47.46417,16.66056,201.0,1995-10-03T09:30:00+00:00,2000-05-31T23:50:00+00:00,True,False,False
406,INDIVIDUAL,13907,58.0,Lutzmannsburg,Burgenland,47.46528,16.64556,200.8,2000-06-01T00:00:00+00:00,2100-12-31T00:00:00+00:00,True,True,True
407,INDIVIDUAL,14103,181.0,Bludenz,Vorarlberg,47.14778,9.82944,571.0,2006-01-01T00:00:00+00:00,2100-12-31T00:00:00+00:00,True,True,True
408,INDIVIDUAL,14104,181.0,Bludenz,Vorarlberg,47.154167,9.823611,564.8,2006-01-01T00:00:00+00:00,2015-09-11T00:00:00+00:00,True,True,False
409,INDIVIDUAL,14115,,Brand,Vorarlberg,47.10306,9.73833,1029.0,2001-06-01T00:40:00+00:00,2100-12-31T00:00:00+00:00,True,True,True
410,INDIVIDUAL,14302,119.0,St. Anton am Arlberg,Tirol,47.13139,10.26667,1304.1,2006-01-01T00:00:00+00:00,2100-12-31T00:00:00+00:00,True,True,True
411,INDIVIDUAL,14305,,Galzig,Tirol,47.12972,10.23028,2079.0,1994-02-09T11:40:00+00:00,2100-12-31T00:00:00+00:00,True,True,True
412,INDIVIDUAL,14308,,Valluga,Tirol,47.1575,10.21278,2805.0,2016-12-14T00:10:00+00:00,2100-12-31T00:00:00+00:00,False,False,True
413,INDIVIDUAL,14311,,Langen am Arlberg,Vorarlberg,47.13167,10.12333,1221.0,2006-01-01T00:00:00+00:00,2100-12-31T00:00:00+00:00,True,True,True
414,INDIVIDUAL,14403,50.0,Landeck,Tirol,47.14025,10.56364,795.6,1993-12-23T09:50:00+00:00,2100-12-31T00:00:00+00:00,True,True,True
415,INDIVIDUAL,14513,38.0,Imst,Tirol,47.23694,10.74222,773.0,2007-08-20T00:10:00+00:00,2100-12-31T00:00:00+00:00,True,True,True
416,INDIVIDUAL,14521,138.0,Prutz,Tirol,47.06861,10.66472,871.0,2004-11-30T17:10:00+00:00,2100-12-31T00:00:00+00:00,True,True,True
417,INDIVIDUAL,14603,126.0,Haiming,Tirol,47.25972,10.88944,659.0,2006-01-01T00:00:00+00:00,2100-12-31T00:00:00+00:00,True,True,True
418,INDIVIDUAL,14622,210.0,St. Leonhard im Pitztal,Tirol,47.02722,10.86556,1454.4,2006-01-01T00:00:00+00:00,2100-12-31T00:00:00+00:00,True,True,True
419,INDIVIDUAL,14631,136.0,Umhausen,Tirol,47.13917,10.92889,1035.0,2003-06-01T00:10:00+00:00,2100-12-31T00:00:00+00:00,True,True,True
420,INDIVIDUAL,14701,,Neustift/Milders,Tirol,47.10278,11.29194,1006.6,2004-11-04T17:30:00+00:00,2100-12-31T00:00:00+00:00,True,True,True
421,INDIVIDUAL,14801,16.0,Brenner,Tirol,47.005554,11.513333,1445.0,1992-12-16T10:30:00+00:00,2008-02-01T00:00:00+00:00,True,True,False
422,INDIVIDUAL,14802,16.0,Brenner,Tirol,47.00722,11.51083,1412.0,2006-01-01T00:00:00+00:00,2100-12-31T00:00:00+00:00,True,True,True
423,INDIVIDUAL,14812,196.0,Patscherkofel,Tirol,47.20889,11.46222,2251.0,1993-08-25T13:40:00+00:00,2100-12-31T00:00:00+00:00,True,True,True
424,INDIVIDUAL,14822,127.0,Rinn,Tirol,47.24917,11.50389,924.1,2006-01-01T00:00:00+00:00,2100-12-31T00:00:00+00:00,True,True,True
425,INDIVIDUAL,14825,,Schmirn,Tirol,47.08722,11.58028,1464.0,2004-11-03T16:10:00+00:00,2100-12-31T00:00:00+00:00,True,True,True
426,INDIVIDUAL,14833,139.0,Steinach am Brenner,Tirol,47.09833,11.46611,1036.0,2006-01-01T00:00:00+00:00,2100-12-31T00:00:00+00:00,True,True,True
427,INDIVIDUAL,14912,,Hintertux,Tirol,47.10694,11.675,1503.0,2006-01-01T00:00:00+00:00,2100-12-31T00:00:00+00:00,True,False,True
428,INDIVIDUAL,15001,61.0,Mayrhofen,Tirol,47.159443,11.850555,643.0,1992-11-21T00:10:00+00:00,2007-09-06T00:00:00+00:00,True,True,True
429,INDIVIDUAL,15002,61.0,Mayrhofen,Tirol,47.1625,11.85139,640.0,2006-01-01T00:00:00+00:00,2100-12-31T00:00:00+00:00,True,True,True
430,INDIVIDUAL,15105,47.0,Krimml,Salzburg,47.22911,12.18197,1008.8,1997-06-27T10:00:00+00:00,2100-12-31T00:00:00+00:00,True,True,True
431,INDIVIDUAL,15210,,Virgen,Tirol,47.00278,12.45592,1211.9,1993-05-21T09:00:00+00:00,2100-12-31T00:00:00+00:00,True,True,True
432,INDIVIDUAL,15321,82.0,Rudolfshütte,Salzburg,47.13492,12.62594,2317.0,1992-12-02T08:50:00+00:00,2100-12-31T00:00:00+00:00,True,True,True
433,INDIVIDUAL,15344,43.0,Kals,Tirol,47.00478,12.6465,1352.4,2006-01-01T00:00:00+00:00,2100-12-31T00:00:00+00:00,True,True,True
434,INDIVIDUAL,15402,78.0,Rauris,Salzburg,47.22353,12.99262,933.8,1993-06-17T08:50:00+00:00,2100-12-31T00:00:00+00:00,True,True,True
435,INDIVIDUAL,15411,213.0,Sonnblick,Salzburg,47.05417,12.9575,3109.0,1997-08-31T16:40:00+00:00,2100-12-31T00:00:00+00:00,True,True,True
436,INDIVIDUAL,15430,,Kolm-Saigurn,Salzburg,47.06944,12.98472,1626.2,2006-01-01T00:00:00+00:00,2100-12-31T00:00:00+00:00,True,True,True
437,INDIVIDUAL,15501,7.0,Bad Gastein,Salzburg,47.11056,13.13336,1092.0,2006-01-01T00:00:00+00:00,2100-12-31T00:00:00+00:00,True,True,True
438,INDIVIDUAL,15509,,Großarltal,Salzburg,47.24144,13.19478,882.3,2006-01-01T00:00:00+00:00,2100-12-31T00:00:00+00:00,True,False,True
439,INDIVIDUAL,15600,68.0,Obertauern,Salzburg,47.26667,13.56667,1742.0,1992-08-29T00:10:00+00:00,1994-04-20T14:00:00+00:00,True,True,False
440,INDIVIDUAL,15610,68.0,Obertauern,Salzburg,47.24889,13.55972,1772.0,1994-12-14T00:00:00+00:00,2100-12-31T00:00:00+00:00,True,True,True
441,INDIVIDUAL,15640,,Kölnbreinsperre,Kärnten,47.08305,13.346111,1916.0,2021-11-23T00:20:00+00:00,2100-12-31T00:00:00+00:00,True,True,True
442,INDIVIDUAL,15702,92.0,St. Michael im Lungau,Salzburg,47.09447,13.62269,1051.9,2006-01-01T00:00:00+00:00,2100-12-31T00:00:00+00:00,True,True,True
443,INDIVIDUAL,15712,98.0,Tamsweg,Salzburg,47.13306,13.80833,1025.0,2008-07-09T00:00:00+00:00,2100-12-31T00:00:00+00:00,True,True,True
444,INDIVIDUAL,15715,,Katschberg,Kärnten,47.06056,13.61472,1635.0,1998-11-10T13:20:00+00:00,2100-12-31T00:00:00+00:00,True,True,True
445,INDIVIDUAL,15721,,Mariapfarr,Salzburg,47.15222,13.745,1151.0,1992-08-29T00:10:00+00:00,2100-12-31T00:00:00+00:00,True,True,True
446,INDIVIDUAL,15901,182.0,Oberwölz,Steiermark,47.20206,14.28669,842.1,2006-01-01T00:00:00+00:00,2100-12-31T00:00:00+00:00,True,True,True
447,INDIVIDUAL,15912,97.0,Stolzalpe,Steiermark,47.12303,14.18822,1291.0,2006-01-01T00:00:00+00:00,2100-12-31T00:00:00+00:00,True,True,True
448,INDIVIDUAL,15920,,Murau,Steiermark,47.11111,14.17694,816.0,1992-08-29T00:10:00+00:00,2100-12-31T00:00:00+00:00,True,True,True
449,INDIVIDUAL,16015,64.0,Neumarkt,Steiermark,47.06972,14.42472,869.0,1993-07-29T11:10:00+00:00,2100-12-31T00:00:00+00:00,True,True,True
450,INDIVIDUAL,16101,115.0,Zeltweg,Steiermark,47.19983,14.74689,677.6,1992-08-29T00:10:00+00:00,2100-12-31T00:00:00+00:00,True,True,True
451,INDIVIDUAL,16308,,Köflach,Steiermark,47.070277,15.087222,465.0,2004-10-28T13:00:00+00:00,2100-12-31T00:00:00+00:00,True,True,True
452,INDIVIDUAL,16400,,Graz Thalerhof Flughafen,Steiermark,46.98056,15.44,340.0,2006-01-01T00:00:00+00:00,2100-12-31T00:00:00+00:00,True,True,True
453,INDIVIDUAL,16411,94.0,St. Radegund,Steiermark,47.18211,15.48978,726.3,2002-07-31T14:20:00+00:00,2100-12-31T00:00:00+00:00,True,True,True
454,INDIVIDUAL,16412,30.0,Graz Universität,Steiermark,47.07767,15.44892,366.7,1992-08-29T00:10:00+00:00,2100-12-31T00:00:00+00:00,True,True,True
455,INDIVIDUAL,16413,,Graz Straßgang,Steiermark,47.04611,15.41028,356.5,2006-01-01T00:00:00+00:00,2100-12-31T00:00:00+00:00,True,True,True
456,INDIVIDUAL,16414,30.0,Graz Universität/Heinrichstraße,Steiermark,47.08,15.448056,366.0,2022-09-01T00:00:00+00:00,2100-12-31T00:00:00+00:00,False,False,True
457,INDIVIDUAL,16421,86.0,Schöckl,Steiermark,47.19861,15.46639,1443.0,1993-02-16T13:30:00+00:00,2100-12-31T00:00:00+00:00,True,True,True
458,INDIVIDUAL,16501,200.0,Gleisdorf,Steiermark,47.11556,15.70806,377.3,2006-01-01T00:00:00+00:00,2100-12-31T00:00:00+00:00,True,True,True
459,INDIVIDUAL,16511,53.0,Laßnitzhöhe,Steiermark,47.07361,15.59222,530.0,1992-08-29T00:10:00+00:00,2100-12-31T00:00:00+00:00,True,True,True
460,INDIVIDUAL,16521,201.0,Weiz,Steiermark,47.218334,15.634444,465.7,2006-01-01T00:00:00+00:00,2013-05-28T00:00:00+00:00,True,True,False
461,INDIVIDUAL,16601,154.0,Fürstenfeld,Steiermark,47.03083,16.08083,271.0,2006-01-01T00:00:00+00:00,2100-12-31T00:00:00+00:00,True,True,True
462,INDIVIDUAL,16702,183.0,Güssing,Burgenland,47.0625,16.32186,215.3,2006-01-01T00:00:00+00:00,2100-12-31T00:00:00+00:00,True,True,True
463,INDIVIDUAL,16711,202.0,Wörterberg,Burgenland,47.22619,16.09678,403.6,2006-01-01T00:00:00+00:00,2100-12-31T00:00:00+00:00,True,True,True
464,INDIVIDUAL,16800,49.0,Kleinzicken,Burgenland,47.2075,16.326667,263.0,1994-04-07T11:20:00+00:00,2100-12-31T00:00:00+00:00,True,True,True
465,INDIVIDUAL,16905,220.0,Gaschurn,Vorarlberg,46.98583,10.02861,976.3,2006-01-01T00:00:00+00:00,2021-10-07T11:30:00+00:00,True,True,False
466,INDIVIDUAL,16906,220.0,Gaschurn,Vorarlberg,46.980278,10.031667,985.0,2020-09-01T11:10:00+00:00,2100-12-31T00:00:00+00:00,True,True,True
467,INDIVIDUAL,17002,28.0,Galtür,Tirol,46.96806,10.18556,1587.0,1997-02-13T09:00:00+00:00,2100-12-31T00:00:00+00:00,True,True,True
468,INDIVIDUAL,17005,,Ischgl-Idalpe,Tirol,46.9825,10.31722,2327.0,1993-02-17T14:00:00+00:00,2100-12-31T00:00:00+00:00,True,True,True
469,INDIVIDUAL,17102,121.0,Nauders,Tirol,46.89111,10.49694,1330.2,2004-04-27T17:30:00+00:00,2100-12-31T00:00:00+00:00,True,True,True
470,INDIVIDUAL,17301,66.0,Obergurgl,Tirol,46.86694,11.02444,1941.0,1999-01-04T11:20:00+00:00,2100-12-31T00:00:00+00:00,True,True,True
471,INDIVIDUAL,17315,184.0,Pitztaler Gletscher,Tirol,46.92706,10.87914,2863.9,1993-12-09T12:20:00+00:00,2100-12-31T00:00:00+00:00,True,True,True
472,INDIVIDUAL,17320,,Brunnenkogel,Tirol,46.91278,10.86167,3437.0,2002-01-28T08:50:00+00:00,2100-12-31T00:00:00+00:00,True,True,True
473,INDIVIDUAL,17701,185.0,St. Jakob im Defereggental,Tirol,46.91694,12.35389,1383.0,2006-01-01T00:00:00+00:00,2100-12-31T00:00:00+00:00,True,True,True
474,INDIVIDUAL,17901,55.0,Lienz,Tirol,46.82555,12.80639,661.0,1992-08-29T00:10:00+00:00,2100-12-31T00:00:00+00:00,True,True,True
475,INDIVIDUAL,18001,137.0,Döllach,Kärnten,46.95806,12.9025,1071.0,2004-05-25T17:20:00+00:00,2100-12-31T00:00:00+00:00,True,True,True
476,INDIVIDUAL,18111,149.0,Mallnitz,Kärnten,46.99194,13.16667,1197.0,1992-08-29T00:10:00+00:00,2100-12-31T00:00:00+00:00,True,True,True
477,INDIVIDUAL,18121,69.0,Obervellach,Kärnten,46.92889,13.22333,809.0,1996-02-28T13:00:00+00:00,2015-02-03T00:00:00+00:00,True,True,False
478,INDIVIDUAL,18122,69.0,Obervellach,Kärnten,46.93528,13.19444,688.0,2006-01-01T00:00:00+00:00,2100-12-31T00:00:00+00:00,True,True,True
479,INDIVIDUAL,18210,62.0,Millstatt,Kärnten,46.80806,13.57278,721.0,2005-04-27T12:40:00+00:00,2100-12-31T00:00:00+00:00,True,True,True
480,INDIVIDUAL,18225,150.0,Spittal an der Drau,Kärnten,46.7905,13.48725,541.7,1997-09-01T04:30:00+00:00,2100-12-31T00:00:00+00:00,True,True,True
481,INDIVIDUAL,18231,,Gmünd,Kärnten,46.90278,13.53417,738.4,2006-01-01T00:00:00+00:00,2100-12-31T00:00:00+00:00,True,True,True
482,INDIVIDUAL,18402,186.0,Flattnitz,Kärnten,46.94083,14.03611,1437.2,2006-01-01T00:00:00+00:00,2100-12-31T00:00:00+00:00,True,True,True
483,INDIVIDUAL,18502,103.0,Weitensfeld,Kärnten,46.84917,14.19083,704.0,2006-01-01T00:00:00+00:00,2100-12-31T00:00:00+00:00,True,True,True
484,INDIVIDUAL,18601,187.0,Friesach,Kärnten,46.95861,14.40583,640.0,2006-01-01T00:00:00+00:00,2100-12-31T00:00:00+00:00,True,True,True
485,INDIVIDUAL,18622,95.0,St. Veit an der Glan,Kärnten,46.73917,14.38556,462.6,2006-01-01T00:00:00+00:00,2100-12-31T00:00:00+00:00,True,True,True
486,INDIVIDUAL,18705,90.0,St. Andrä im Lavanttal,Kärnten,46.76417,14.82806,403.0,1993-11-16T15:50:00+00:00,2100-12-31T00:00:00+00:00,True,True,True
487,INDIVIDUAL,18805,71.0,Preitenegg,Kärnten,46.938333,14.920278,1059.0,1993-08-05T07:10:00+00:00,2100-12-31T00:00:00+00:00,True,True,True
488,INDIVIDUAL,18905,116.0,Deutschlandsberg,Steiermark,46.82167,15.22889,354.0,1994-10-24T13:30:00+00:00,2001-04-30T23:50:00+00:00,True,False,False
489,INDIVIDUAL,18906,116.0,Deutschlandsberg,Steiermark,46.82167,15.22694,354.0,2001-05-01T00:00:00+00:00,2100-12-31T00:00:00+00:00,True,True,True
490,INDIVIDUAL,19021,54.0,Leibnitz-Wagna,Steiermark,46.76739,15.55289,267.9,2003-11-03T12:10:00+00:00,2100-12-31T00:00:00+00:00,True,True,True
491,INDIVIDUAL,19204,8.0,Bad Gleichenberg,Steiermark,46.87222,15.90361,269.0,2003-04-08T16:10:00+00:00,2100-12-31T00:00:00+00:00,True,True,True
492,INDIVIDUAL,19205,,Feldbach,Steiermark,46.94889,15.87972,323.0,1999-08-16T09:30:00+00:00,2100-12-31T00:00:00+00:00,True,True,True
493,INDIVIDUAL,19505,130.0,Sillian,Tirol,46.74644,12.42358,1081.4,1997-03-04T13:20:00+00:00,2100-12-31T00:00:00+00:00,True,True,True
494,INDIVIDUAL,19700,19.0,Dellach,Kärnten,46.74189,13.08286,628.2,1995-11-15T12:20:00+00:00,2100-12-31T00:00:00+00:00,True,False,True
495,INDIVIDUAL,19711,,Kornat,Kärnten,46.685001,12.888889,990.0,2017-05-23T00:00:00+00:00,2100-12-31T00:00:00+00:00,True,True,True
496,INDIVIDUAL,19720,,Kötschach-Mauthen,Kärnten,46.67638,12.99833,705.0,1992-08-29T00:10:00+00:00,2100-12-31T00:00:00+00:00,True,True,True
497,INDIVIDUAL,19821,102.0,Weißensee-Gatschach,Kärnten,46.71861,13.28583,949.0,1992-12-15T12:50:00+00:00,2100-12-31T00:00:00+00:00,True,True,True
498,INDIVIDUAL,19911,,Hermagor,Kärnten,46.60972,13.49222,561.6,2006-01-01T00:00:00+00:00,2100-12-31T00:00:00+00:00,True,True,True
499,INDIVIDUAL,20002,6.0,Bad Bleiberg,Kärnten,46.62528,13.68444,908.7,2006-01-01T00:00:00+00:00,2100-12-31T00:00:00+00:00,True,True,True
500,INDIVIDUAL,20011,203.0,Fresach,Kärnten,46.71528,13.68528,683.0,2006-01-01T00:00:00+00:00,2100-12-31T00:00:00+00:00,True,True,True
501,INDIVIDUAL,20021,,Villacher Alpe,Kärnten,46.60361,13.67278,2117.0,1997-08-31T16:50:00+00:00,2100-12-31T00:00:00+00:00,True,True,True
502,INDIVIDUAL,20101,122.0,Kanzelhöhe,Kärnten,46.67722,13.90194,1520.0,2001-11-01T00:10:00+00:00,2100-12-31T00:00:00+00:00,True,True,True
503,INDIVIDUAL,20105,,Arriach,Kärnten,46.72769,13.85244,890.2,2005-01-19T13:40:00+00:00,2100-12-31T00:00:00+00:00,True,True,True
504,INDIVIDUAL,20123,100.0,Villach Stadt,Kärnten,46.61806,13.87389,493.0,1994-06-15T11:50:00+00:00,2100-12-31T00:00:00+00:00,True,True,True
505,INDIVIDUAL,20202,120.0,Ferlach,Kärnten,46.53111,14.31417,459.1,2006-01-01T00:00:00+00:00,2100-12-31T00:00:00+00:00,True,True,True
506,INDIVIDUAL,20209,,Klagenfurt/HTL1-Lastenstraße,Kärnten,46.61944,14.316667,441.0,2021-04-21T15:20:00+00:00,2100-12-31T00:00:00+00:00,True,True,True
507,INDIVIDUAL,20211,48.0,Klagenfurt Flughafen,Kärnten,46.65001,14.33333,447.0,1992-11-26T11:30:00+00:00,1996-08-31T23:50:00+00:00,True,True,False
508,INDIVIDUAL,20212,48.0,Klagenfurt Flughafen,Kärnten,46.64833,14.31833,450.0,1996-09-01T00:00:00+00:00,2100-12-31T00:00:00+00:00,True,True,True
509,INDIVIDUAL,20220,198.0,Pörtschach,Kärnten,46.63083,14.16528,450.0,1996-12-10T11:00:00+00:00,2100-12-31T00:00:00+00:00,True,True,True
510,INDIVIDUAL,20270,,Feldkirchen,Kärnten,46.72194,14.09694,546.4,1995-05-04T11:50:00+00:00,2100-12-31T00:00:00+00:00,True,True,True
511,INDIVIDUAL,20408,188.0,Völkermarkt,Kärnten,46.661388,14.618611,473.1,2008-07-23T00:10:00+00:00,2015-10-14T00:00:00+00:00,True,True,False
512,INDIVIDUAL,20411,188.0,Völkermarkt Goldbrunnhof,Kärnten,46.670834,14.639167,466.0,2015-10-20T00:10:00+00:00,2100-12-31T00:00:00+00:00,True,True,True
513,INDIVIDUAL,20412,91.0,Feistritz ob Bleiburg,Kärnten,46.561389,14.765,523.0,2006-01-01T00:00:00+00:00,2100-12-31T00:00:00+00:00,True,True,True
514,INDIVIDUAL,20901,11.0,Bad Radkersburg,Steiermark,46.68667,15.97861,208.0,1992-08-29T00:10:00+00:00,2000-06-08T00:00:00+00:00,True,True,False
515,INDIVIDUAL,20902,11.0,Bad Radkersburg,Steiermark,46.68583,15.97944,209.8,2001-02-22T10:10:00+00:00,2016-04-07T00:00:00+00:00,True,True,False
516,INDIVIDUAL,20903,11.0,Bad Radkersburg,Steiermark,46.69222,15.99333,207.0,2016-04-07T00:10:00+00:00,2100-12-31T00:00:00+00:00,True,True,True
517,INDIVIDUAL,21101,206.0,Loibl Tunnel,Kärnten,46.44389,14.24917,1096.9,2006-01-01T00:00:00+00:00,2100-12-31T00:00:00+00:00,True,True,True
518,INDIVIDUAL,21300,21.0,Bad Eisenkappel,Kärnten,46.49056,14.59333,623.0,1992-08-29T00:10:00+00:00,2100-12-31T00:00:00+00:00,True,True,True
